contract_id,dataset,has_claim,expected_loss,actual_loss
CTR_000005,Train,0,91.80121641144177,0.0
CTR_000012,Test,0,91.80121641144177,0.0
CTR_000015,Train,0,91.80121641144177,0.0
CTR_000016,Train,0,91.80121641144177,0.0
CTR_000018,Test,0,91.80121641144177,0.0
CTR_000022,Train,0,91.80121641144177,0.0
CTR_000023,Train,0,91.80121641144177,0.0
CTR_000024,Train,0,91.80121641144177,0.0
CTR_000026,Train,0,91.80121641144177,0.0
CTR_000031,Test,0,91.80121641144177,0.0
CTR_000032,Train,0,91.80121641144177,0.0
CTR_000035,Test,0,91.80121641144177,0.0
CTR_000040,Train,1,91.80121641144177,2015.98
CTR_000043,Train,0,91.80121641144177,0.0
CTR_000045,Train,0,91.80121641144177,0.0
CTR_000047,Train,0,91.80121641144177,0.0
CTR_000048,Train,0,91.80121641144177,0.0
CTR_000054,Test,0,91.80121641144177,0.0
CTR_000056,Train,0,91.80121641144177,0.0
CTR_000057,Train,0,91.80121641144177,0.0
CTR_000060,Test,0,91.80121641144177,0.0
CTR_000061,Train,0,91.80121641144177,0.0
CTR_000064,Train,0,91.80121641144177,0.0
CTR_000066,Train,0,91.80121641144177,0.0
CTR_000070,Train,0,91.80121641144177,0.0
CTR_000074,Train,0,91.80121641144177,0.0
CTR_000078,Train,0,91.80121641144177,0.0
CTR_000080,Train,0,91.80121641144177,0.0
CTR_000087,Train,0,91.80121641144177,0.0
CTR_000103,Train,0,91.80121641144177,0.0
CTR_000107,Train,0,91.80121641144177,0.0
CTR_000111,Train,0,91.80121641144177,0.0
CTR_000115,Train,0,91.80121641144177,0.0
CTR_000117,Train,0,91.80121641144177,0.0
CTR_000118,Train,0,91.80121641144177,0.0
CTR_000120,Test,0,91.80121641144177,0.0
CTR_000122,Test,0,91.80121641144177,0.0
CTR_000127,Test,0,91.80121641144177,0.0
CTR_000129,Train,0,91.80121641144177,0.0
CTR_000131,Test,0,91.80121641144177,0.0
CTR_000137,Train,0,91.80121641144177,0.0
CTR_000138,Test,0,91.80121641144177,0.0
CTR_000141,Train,0,91.80121641144177,0.0
CTR_000142,Train,0,91.80121641144177,0.0
CTR_000143,Train,0,91.80121641144177,0.0
CTR_000154,Train,0,91.80121641144177,0.0
CTR_000158,Train,0,91.80121641144177,0.0
CTR_000162,Test,0,91.80121641144177,0.0
CTR_000163,Train,0,91.80121641144177,0.0
CTR_000168,Train,0,91.80121641144177,0.0
CTR_000173,Train,0,91.80121641144177,0.0
CTR_000176,Test,0,91.80121641144177,0.0
CTR_000177,Train,0,91.80121641144177,0.0
CTR_000179,Train,0,91.80121641144177,0.0
CTR_000180,Train,0,91.80121641144177,0.0
CTR_000185,Train,0,91.80121641144177,0.0
CTR_000186,Train,0,91.80121641144177,0.0
CTR_000188,Train,0,91.80121641144177,0.0
CTR_000191,Train,0,91.80121641144177,0.0
CTR_000193,Train,0,91.80121641144177,0.0
CTR_000195,Train,0,91.80121641144177,0.0
CTR_000197,Train,0,91.80121641144177,0.0
CTR_000200,Train,0,91.80121641144177,0.0
CTR_000201,Test,0,91.80121641144177,0.0
CTR_000202,Train,0,91.80121641144177,0.0
CTR_000203,Test,0,91.80121641144177,0.0
CTR_000205,Train,0,91.80121641144177,0.0
CTR_000209,Train,0,91.80121641144177,0.0
CTR_000213,Train,0,91.80121641144177,0.0
CTR_000215,Train,0,91.80121641144177,0.0
CTR_000219,Train,0,91.80121641144177,0.0
CTR_000220,Train,0,91.80121641144177,0.0
CTR_000225,Train,0,91.80121641144177,0.0
CTR_000231,Train,0,91.80121641144177,0.0
CTR_000232,Train,0,91.80121641144177,0.0
CTR_000236,Train,0,91.80121641144177,0.0
CTR_000238,Test,0,91.80121641144177,0.0
CTR_000240,Train,0,91.80121641144177,0.0
CTR_000241,Train,0,91.80121641144177,0.0
CTR_000248,Train,0,91.80121641144177,0.0
CTR_000250,Test,0,91.80121641144177,0.0
CTR_000251,Train,0,91.80121641144177,0.0
CTR_000252,Train,0,91.80121641144177,0.0
CTR_000255,Train,0,91.80121641144177,0.0
CTR_000257,Train,0,91.80121641144177,0.0
CTR_000258,Train,0,91.80121641144177,0.0
CTR_000261,Train,0,91.80121641144177,0.0
CTR_000264,Train,0,91.80121641144177,0.0
CTR_000265,Train,0,91.80121641144177,0.0
CTR_000277,Train,0,91.80121641144177,0.0
CTR_000282,Test,0,91.80121641144177,0.0
CTR_000285,Test,0,91.80121641144177,0.0
CTR_000291,Train,0,91.80121641144177,0.0
CTR_000292,Train,0,91.80121641144177,0.0
CTR_000295,Train,0,91.80121641144177,0.0
CTR_000297,Train,0,91.80121641144177,0.0
CTR_000298,Train,0,91.80121641144177,0.0
CTR_000300,Train,0,91.80121641144177,0.0
CTR_000301,Train,0,91.80121641144177,0.0
CTR_000302,Test,0,91.80121641144177,0.0
CTR_000303,Train,0,91.80121641144177,0.0
CTR_000306,Train,0,91.80121641144177,0.0
CTR_000307,Train,0,91.80121641144177,0.0
CTR_000311,Train,0,91.80121641144177,0.0
CTR_000312,Test,0,91.80121641144177,0.0
CTR_000314,Train,0,91.80121641144177,0.0
CTR_000316,Train,0,91.80121641144177,0.0
CTR_000317,Train,0,91.80121641144177,0.0
CTR_000325,Train,0,91.80121641144177,0.0
CTR_000338,Train,0,91.80121641144177,0.0
CTR_000342,Train,0,91.80121641144177,0.0
CTR_000343,Train,0,91.80121641144177,0.0
CTR_000347,Train,0,91.80121641144177,0.0
CTR_000351,Train,0,91.80121641144177,0.0
CTR_000361,Train,0,91.80121641144177,0.0
CTR_000364,Test,0,91.80121641144177,0.0
CTR_000367,Train,0,91.80121641144177,0.0
CTR_000372,Test,0,91.80121641144177,0.0
CTR_000380,Train,0,91.80121641144177,0.0
CTR_000381,Train,0,91.80121641144177,0.0
CTR_000383,Test,0,91.80121641144177,0.0
CTR_000384,Train,0,91.80121641144177,0.0
CTR_000387,Train,0,91.80121641144177,0.0
CTR_000392,Test,0,91.80121641144177,0.0
CTR_000394,Train,0,91.80121641144177,0.0
CTR_000395,Train,0,91.80121641144177,0.0
CTR_000396,Train,0,91.80121641144177,0.0
CTR_000406,Train,0,91.80121641144177,0.0
CTR_000416,Test,0,91.80121641144177,0.0
CTR_000417,Train,0,91.80121641144177,0.0
CTR_000423,Train,0,91.80121641144177,0.0
CTR_000426,Test,0,91.80121641144177,0.0
CTR_000429,Train,0,91.80121641144177,0.0
CTR_000431,Train,0,91.80121641144177,0.0
CTR_000435,Test,0,91.80121641144177,0.0
CTR_000442,Train,0,91.80121641144177,0.0
CTR_000451,Train,0,91.80121641144177,0.0
CTR_000452,Train,0,91.80121641144177,0.0
CTR_000454,Train,0,91.80121641144177,0.0
CTR_000456,Train,0,91.80121641144177,0.0
CTR_000459,Train,0,91.80121641144177,0.0
CTR_000460,Train,0,91.80121641144177,0.0
CTR_000462,Train,0,91.80121641144177,0.0
CTR_000463,Train,0,91.80121641144177,0.0
CTR_000465,Test,0,91.80121641144177,0.0
CTR_000466,Train,0,91.80121641144177,0.0
CTR_000469,Train,0,91.80121641144177,0.0
CTR_000471,Test,0,91.80121641144177,0.0
CTR_000477,Train,0,91.80121641144177,0.0
CTR_000483,Train,0,91.80121641144177,0.0
CTR_000484,Train,0,91.80121641144177,0.0
CTR_000485,Train,0,91.80121641144177,0.0
CTR_000486,Train,0,91.80121641144177,0.0
CTR_000488,Train,0,91.80121641144177,0.0
CTR_000493,Test,0,91.80121641144177,0.0
CTR_000496,Test,0,91.80121641144177,0.0
CTR_000498,Train,0,91.80121641144177,0.0
CTR_000502,Train,0,91.80121641144177,0.0
CTR_000505,Train,0,91.80121641144177,0.0
CTR_000507,Train,0,91.80121641144177,0.0
CTR_000508,Train,0,91.80121641144177,0.0
CTR_000510,Test,0,91.80121641144177,0.0
CTR_000513,Test,0,91.80121641144177,0.0
CTR_000519,Train,0,91.80121641144177,0.0
CTR_000523,Train,0,91.80121641144177,0.0
CTR_000525,Train,0,91.80121641144177,0.0
CTR_000527,Train,0,91.80121641144177,0.0
CTR_000545,Train,0,91.80121641144177,0.0
CTR_000547,Train,0,91.80121641144177,0.0
CTR_000548,Train,0,91.80121641144177,0.0
CTR_000552,Train,0,91.80121641144177,0.0
CTR_000555,Train,0,91.80121641144177,0.0
CTR_000560,Train,0,91.80121641144177,0.0
CTR_000563,Test,0,91.80121641144177,0.0
CTR_000568,Train,0,91.80121641144177,0.0
CTR_000573,Train,0,91.80121641144177,0.0
CTR_000576,Train,0,91.80121641144177,0.0
CTR_000585,Train,0,91.80121641144177,0.0
CTR_000590,Train,1,91.80121641144177,251.0
CTR_000597,Train,0,91.80121641144177,0.0
CTR_000598,Train,0,91.80121641144177,0.0
CTR_000600,Train,0,91.80121641144177,0.0
CTR_000610,Test,0,91.80121641144177,0.0
CTR_000613,Train,0,91.80121641144177,0.0
CTR_000614,Train,0,91.80121641144177,0.0
CTR_000615,Train,0,91.80121641144177,0.0
CTR_000624,Train,0,91.80121641144177,0.0
CTR_000632,Train,0,91.80121641144177,0.0
CTR_000635,Test,0,91.80121641144177,0.0
CTR_000639,Train,0,91.80121641144177,0.0
CTR_000646,Train,0,91.80121641144177,0.0
CTR_000649,Train,1,91.80121641144177,3715.18
CTR_000650,Test,0,91.80121641144177,0.0
CTR_000651,Test,0,91.80121641144177,0.0
CTR_000652,Train,0,91.80121641144177,0.0
CTR_000657,Train,0,91.80121641144177,0.0
CTR_000658,Train,0,91.80121641144177,0.0
CTR_000664,Train,0,91.80121641144177,0.0
CTR_000670,Train,0,91.80121641144177,0.0
CTR_000673,Train,0,91.80121641144177,0.0
CTR_000674,Test,0,91.80121641144177,0.0
CTR_000678,Train,0,91.80121641144177,0.0
CTR_000679,Train,0,91.80121641144177,0.0
CTR_000686,Test,0,91.80121641144177,0.0
CTR_000690,Train,0,91.80121641144177,0.0
CTR_000694,Test,0,91.80121641144177,0.0
CTR_000698,Train,0,91.80121641144177,0.0
CTR_000705,Train,0,91.80121641144177,0.0
CTR_000708,Train,0,91.80121641144177,0.0
CTR_000709,Test,0,91.80121641144177,0.0
CTR_000716,Train,0,91.80121641144177,0.0
CTR_000717,Train,0,91.80121641144177,0.0
CTR_000718,Train,0,91.80121641144177,0.0
CTR_000723,Train,0,91.80121641144177,0.0
CTR_000724,Train,0,91.80121641144177,0.0
CTR_000725,Train,0,91.80121641144177,0.0
CTR_000734,Train,0,91.80121641144177,0.0
CTR_000737,Train,0,91.80121641144177,0.0
CTR_000738,Train,0,91.80121641144177,0.0
CTR_000741,Test,0,91.80121641144177,0.0
CTR_000744,Train,0,91.80121641144177,0.0
CTR_000745,Train,0,91.80121641144177,0.0
CTR_000751,Train,0,91.80121641144177,0.0
CTR_000753,Train,0,91.80121641144177,0.0
CTR_000754,Train,0,91.80121641144177,0.0
CTR_000771,Train,0,91.80121641144177,0.0
CTR_000775,Test,0,91.80121641144177,0.0
CTR_000781,Train,0,91.80121641144177,0.0
CTR_000787,Test,0,91.80121641144177,0.0
CTR_000788,Train,0,91.80121641144177,0.0
CTR_000791,Train,0,91.80121641144177,0.0
CTR_000792,Train,0,91.80121641144177,0.0
CTR_000797,Train,0,91.80121641144177,0.0
CTR_000800,Train,0,91.80121641144177,0.0
CTR_000808,Train,0,91.80121641144177,0.0
CTR_000812,Train,0,91.80121641144177,0.0
CTR_000813,Train,0,91.80121641144177,0.0
CTR_000817,Test,0,91.80121641144177,0.0
CTR_000818,Train,0,91.80121641144177,0.0
CTR_000826,Train,0,91.80121641144177,0.0
CTR_000827,Train,0,91.80121641144177,0.0
CTR_000832,Train,0,91.80121641144177,0.0
CTR_000836,Train,0,91.80121641144177,0.0
CTR_000843,Train,0,91.80121641144177,0.0
CTR_000845,Test,0,91.80121641144177,0.0
CTR_000847,Train,0,91.80121641144177,0.0
CTR_000859,Train,0,91.80121641144177,0.0
CTR_000869,Train,0,91.80121641144177,0.0
CTR_000870,Test,0,91.80121641144177,0.0
CTR_000877,Train,0,91.80121641144177,0.0
CTR_000878,Train,0,91.80121641144177,0.0
CTR_000881,Train,0,91.80121641144177,0.0
CTR_000883,Train,0,91.80121641144177,0.0
CTR_000884,Train,0,91.80121641144177,0.0
CTR_000890,Train,0,91.80121641144177,0.0
CTR_000895,Train,0,91.80121641144177,0.0
CTR_000897,Test,0,91.80121641144177,0.0
CTR_000906,Train,0,91.80121641144177,0.0
CTR_000910,Test,0,91.80121641144177,0.0
CTR_000911,Train,0,91.80121641144177,0.0
CTR_000917,Train,0,91.80121641144177,0.0
CTR_000919,Train,1,91.80121641144177,505.63
CTR_000920,Train,0,91.80121641144177,0.0
CTR_000921,Train,0,91.80121641144177,0.0
CTR_000923,Train,0,91.80121641144177,0.0
CTR_000926,Train,0,91.80121641144177,0.0
CTR_000929,Test,0,91.80121641144177,0.0
CTR_000932,Train,0,91.80121641144177,0.0
CTR_000939,Test,0,91.80121641144177,0.0
CTR_000950,Train,0,91.80121641144177,0.0
CTR_000951,Train,0,91.80121641144177,0.0
CTR_000956,Train,0,91.80121641144177,0.0
CTR_000958,Test,0,91.80121641144177,0.0
CTR_000959,Train,0,91.80121641144177,0.0
CTR_000965,Train,0,91.80121641144177,0.0
CTR_000968,Train,0,91.80121641144177,0.0
CTR_000972,Train,0,91.80121641144177,0.0
CTR_000976,Train,0,91.80121641144177,0.0
CTR_000977,Train,0,91.80121641144177,0.0
CTR_000980,Train,0,91.80121641144177,0.0
CTR_000982,Train,0,91.80121641144177,0.0
CTR_000986,Train,0,91.80121641144177,0.0
CTR_000987,Train,0,91.80121641144177,0.0
CTR_000989,Train,0,91.80121641144177,0.0
CTR_000993,Train,0,91.80121641144177,0.0
CTR_000998,Train,0,91.80121641144177,0.0
CTR_001003,Train,0,91.80121641144177,0.0
CTR_001009,Train,0,91.80121641144177,0.0
CTR_001010,Test,0,91.80121641144177,0.0
CTR_001012,Train,0,91.80121641144177,0.0
CTR_001025,Train,0,91.80121641144177,0.0
CTR_001030,Train,0,91.80121641144177,0.0
CTR_001031,Train,0,91.80121641144177,0.0
CTR_001034,Train,0,91.80121641144177,0.0
CTR_001036,Train,0,91.80121641144177,0.0
CTR_001039,Train,0,91.80121641144177,0.0
CTR_001042,Train,0,91.80121641144177,0.0
CTR_001045,Test,0,91.80121641144177,0.0
CTR_001052,Train,0,91.80121641144177,0.0
CTR_001064,Train,0,91.80121641144177,0.0
CTR_001065,Test,1,91.80121641144177,2647.48
CTR_001066,Train,0,91.80121641144177,0.0
CTR_001075,Train,0,91.80121641144177,0.0
CTR_001076,Train,0,91.80121641144177,0.0
CTR_001077,Train,0,91.80121641144177,0.0
CTR_001079,Train,0,91.80121641144177,0.0
CTR_001080,Test,0,91.80121641144177,0.0
CTR_001081,Train,0,91.80121641144177,0.0
CTR_001083,Train,0,91.80121641144177,0.0
CTR_001087,Train,0,91.80121641144177,0.0
CTR_001088,Train,0,91.80121641144177,0.0
CTR_001089,Train,0,91.80121641144177,0.0
CTR_001090,Train,0,91.80121641144177,0.0
CTR_001101,Train,0,91.80121641144177,0.0
CTR_001102,Train,0,91.80121641144177,0.0
CTR_001103,Train,0,91.80121641144177,0.0
CTR_001110,Train,0,91.80121641144177,0.0
CTR_001111,Train,0,91.80121641144177,0.0
CTR_001114,Train,0,91.80121641144177,0.0
CTR_001115,Train,0,91.80121641144177,0.0
CTR_001120,Train,0,91.80121641144177,0.0
CTR_001124,Train,0,91.80121641144177,0.0
CTR_001126,Test,1,91.80121641144177,3331.34
CTR_001130,Train,0,91.80121641144177,0.0
CTR_001132,Train,0,91.80121641144177,0.0
CTR_001138,Train,0,91.80121641144177,0.0
CTR_001141,Test,1,91.80121641144177,2853.85
CTR_001142,Train,0,91.80121641144177,0.0
CTR_001150,Train,0,91.80121641144177,0.0
CTR_001151,Train,0,91.80121641144177,0.0
CTR_001158,Train,0,91.80121641144177,0.0
CTR_001160,Train,0,91.80121641144177,0.0
CTR_001161,Train,0,91.80121641144177,0.0
CTR_001163,Train,0,91.80121641144177,0.0
CTR_001168,Train,0,91.80121641144177,0.0
CTR_001169,Train,0,91.80121641144177,0.0
CTR_001172,Train,0,91.80121641144177,0.0
CTR_001183,Train,0,91.80121641144177,0.0
CTR_001186,Train,0,91.80121641144177,0.0
CTR_001187,Train,0,91.80121641144177,0.0
CTR_001194,Train,0,91.80121641144177,0.0
CTR_001205,Train,0,91.80121641144177,0.0
CTR_001208,Test,0,91.80121641144177,0.0
CTR_001210,Train,0,91.80121641144177,0.0
CTR_001212,Test,0,91.80121641144177,0.0
CTR_001213,Train,0,91.80121641144177,0.0
CTR_001214,Train,0,91.80121641144177,0.0
CTR_001217,Train,0,91.80121641144177,0.0
CTR_001221,Train,0,91.80121641144177,0.0
CTR_001222,Train,0,91.80121641144177,0.0
CTR_001228,Train,0,91.80121641144177,0.0
CTR_001233,Train,0,91.80121641144177,0.0
CTR_001235,Train,0,91.80121641144177,0.0
CTR_001236,Train,0,91.80121641144177,0.0
CTR_001239,Train,0,91.80121641144177,0.0
CTR_001245,Train,0,91.80121641144177,0.0
CTR_001250,Train,0,91.80121641144177,0.0
CTR_001253,Train,0,91.80121641144177,0.0
CTR_001254,Train,0,91.80121641144177,0.0
CTR_001256,Train,0,91.80121641144177,0.0
CTR_001258,Train,0,91.80121641144177,0.0
CTR_001260,Train,0,91.80121641144177,0.0
CTR_001263,Train,0,91.80121641144177,0.0
CTR_001264,Test,0,91.80121641144177,0.0
CTR_001267,Test,0,91.80121641144177,0.0
CTR_001268,Train,0,91.80121641144177,0.0
CTR_001269,Train,0,91.80121641144177,0.0
CTR_001271,Train,0,91.80121641144177,0.0
CTR_001275,Train,0,91.80121641144177,0.0
CTR_001276,Train,0,91.80121641144177,0.0
CTR_001278,Train,0,91.80121641144177,0.0
CTR_001286,Train,0,91.80121641144177,0.0
CTR_001288,Train,0,91.80121641144177,0.0
CTR_001295,Train,0,91.80121641144177,0.0
CTR_001296,Train,0,91.80121641144177,0.0
CTR_001299,Train,0,91.80121641144177,0.0
CTR_001301,Test,0,91.80121641144177,0.0
CTR_001303,Train,1,91.80121641144177,11538.69
CTR_001304,Train,0,91.80121641144177,0.0
CTR_001309,Train,0,91.80121641144177,0.0
CTR_001314,Train,1,91.80121641144177,12836.6
CTR_001316,Test,0,91.80121641144177,0.0
CTR_001325,Test,0,91.80121641144177,0.0
CTR_001331,Train,0,91.80121641144177,0.0
CTR_001334,Train,0,91.80121641144177,0.0
CTR_001335,Train,0,91.80121641144177,0.0
CTR_001336,Train,0,91.80121641144177,0.0
CTR_001339,Train,0,91.80121641144177,0.0
CTR_001345,Test,0,91.80121641144177,0.0
CTR_001346,Train,0,91.80121641144177,0.0
CTR_001349,Train,0,91.80121641144177,0.0
CTR_001352,Train,0,91.80121641144177,0.0
CTR_001359,Train,0,91.80121641144177,0.0
CTR_001361,Test,0,91.80121641144177,0.0
CTR_001367,Train,0,91.80121641144177,0.0
CTR_001371,Train,0,91.80121641144177,0.0
CTR_001377,Train,0,91.80121641144177,0.0
CTR_001381,Train,0,91.80121641144177,0.0
CTR_001382,Test,0,91.80121641144177,0.0
CTR_001383,Train,0,91.80121641144177,0.0
CTR_001387,Test,0,91.80121641144177,0.0
CTR_001388,Train,0,91.80121641144177,0.0
CTR_001390,Train,0,91.80121641144177,0.0
CTR_001392,Train,0,91.80121641144177,0.0
CTR_001398,Test,0,91.80121641144177,0.0
CTR_001399,Test,0,91.80121641144177,0.0
CTR_001407,Test,0,91.80121641144177,0.0
CTR_001409,Train,0,91.80121641144177,0.0
CTR_001418,Test,0,91.80121641144177,0.0
CTR_001419,Test,0,91.80121641144177,0.0
CTR_001426,Train,0,91.80121641144177,0.0
CTR_001427,Train,0,91.80121641144177,0.0
CTR_001430,Test,0,91.80121641144177,0.0
CTR_001433,Test,0,91.80121641144177,0.0
CTR_001437,Train,0,91.80121641144177,0.0
CTR_001440,Train,0,91.80121641144177,0.0
CTR_001448,Train,0,91.80121641144177,0.0
CTR_001449,Train,0,91.80121641144177,0.0
CTR_001453,Train,0,91.80121641144177,0.0
CTR_001454,Train,0,91.80121641144177,0.0
CTR_001455,Train,0,91.80121641144177,0.0
CTR_001461,Test,0,91.80121641144177,0.0
CTR_001462,Train,0,91.80121641144177,0.0
CTR_001468,Train,1,91.80121641144177,3351.63
CTR_001469,Train,0,91.80121641144177,0.0
CTR_001473,Train,0,91.80121641144177,0.0
CTR_001475,Train,0,91.80121641144177,0.0
CTR_001476,Test,0,91.80121641144177,0.0
CTR_001478,Train,0,91.80121641144177,0.0
CTR_001481,Train,0,91.80121641144177,0.0
CTR_001483,Train,0,91.80121641144177,0.0
CTR_001490,Train,0,91.80121641144177,0.0
CTR_001493,Train,0,91.80121641144177,0.0
CTR_001498,Train,0,91.80121641144177,0.0
CTR_001499,Train,0,91.80121641144177,0.0
CTR_001500,Train,0,91.80121641144177,0.0
CTR_001501,Train,0,91.80121641144177,0.0
CTR_001516,Train,0,91.80121641144177,0.0
CTR_001520,Train,0,91.80121641144177,0.0
CTR_001524,Train,0,91.80121641144177,0.0
CTR_001525,Train,0,91.80121641144177,0.0
CTR_001530,Train,0,91.80121641144177,0.0
CTR_001532,Train,0,91.80121641144177,0.0
CTR_001535,Train,0,91.80121641144177,0.0
CTR_001536,Train,0,91.80121641144177,0.0
CTR_001537,Train,0,91.80121641144177,0.0
CTR_001541,Train,0,91.80121641144177,0.0
CTR_001548,Train,0,91.80121641144177,0.0
CTR_001555,Train,0,91.80121641144177,0.0
CTR_001556,Train,0,91.80121641144177,0.0
CTR_001559,Train,0,91.80121641144177,0.0
CTR_001567,Train,0,91.80121641144177,0.0
CTR_001570,Train,0,91.80121641144177,0.0
CTR_001572,Train,0,91.80121641144177,0.0
CTR_001579,Train,0,91.80121641144177,0.0
CTR_001581,Train,0,91.80121641144177,0.0
CTR_001583,Train,0,91.80121641144177,0.0
CTR_001584,Train,0,91.80121641144177,0.0
CTR_001585,Train,0,91.80121641144177,0.0
CTR_001592,Train,0,91.80121641144177,0.0
CTR_001594,Train,0,91.80121641144177,0.0
CTR_001598,Train,0,91.80121641144177,0.0
CTR_001601,Test,0,91.80121641144177,0.0
CTR_001602,Train,0,91.80121641144177,0.0
CTR_001614,Train,0,91.80121641144177,0.0
CTR_001616,Test,0,91.80121641144177,0.0
CTR_001617,Train,0,91.80121641144177,0.0
CTR_001618,Train,0,91.80121641144177,0.0
CTR_001619,Train,0,91.80121641144177,0.0
CTR_001621,Test,0,91.80121641144177,0.0
CTR_001630,Train,0,91.80121641144177,0.0
CTR_001631,Train,0,91.80121641144177,0.0
CTR_001635,Train,0,91.80121641144177,0.0
CTR_001642,Train,0,91.80121641144177,0.0
CTR_001647,Train,0,91.80121641144177,0.0
CTR_001650,Train,0,91.80121641144177,0.0
CTR_001655,Test,0,91.80121641144177,0.0
CTR_001656,Train,0,91.80121641144177,0.0
CTR_001658,Train,0,91.80121641144177,0.0
CTR_001660,Test,0,91.80121641144177,0.0
CTR_001661,Test,0,91.80121641144177,0.0
CTR_001662,Train,0,91.80121641144177,0.0
CTR_001667,Train,0,91.80121641144177,0.0
CTR_001670,Train,1,91.80121641144177,483.92
CTR_001674,Train,0,91.80121641144177,0.0
CTR_001675,Test,0,91.80121641144177,0.0
CTR_001676,Test,0,91.80121641144177,0.0
CTR_001680,Train,0,91.80121641144177,0.0
CTR_001684,Train,0,91.80121641144177,0.0
CTR_001685,Train,0,91.80121641144177,0.0
CTR_001688,Train,0,91.80121641144177,0.0
CTR_001690,Train,0,91.80121641144177,0.0
CTR_001691,Train,0,91.80121641144177,0.0
CTR_001698,Train,0,91.80121641144177,0.0
CTR_001699,Train,0,91.80121641144177,0.0
CTR_001702,Train,0,91.80121641144177,0.0
CTR_001705,Train,0,91.80121641144177,0.0
CTR_001715,Train,0,91.80121641144177,0.0
CTR_001716,Test,0,91.80121641144177,0.0
CTR_001725,Test,0,91.80121641144177,0.0
CTR_001729,Train,0,91.80121641144177,0.0
CTR_001732,Train,0,91.80121641144177,0.0
CTR_001734,Train,0,91.80121641144177,0.0
CTR_001736,Test,0,91.80121641144177,0.0
CTR_001742,Train,0,91.80121641144177,0.0
CTR_001744,Train,0,91.80121641144177,0.0
CTR_001748,Train,0,91.80121641144177,0.0
CTR_001751,Test,1,91.80121641144177,6368.29
CTR_001753,Test,0,91.80121641144177,0.0
CTR_001756,Train,0,91.80121641144177,0.0
CTR_001763,Train,0,91.80121641144177,0.0
CTR_001767,Test,0,91.80121641144177,0.0
CTR_001768,Train,0,91.80121641144177,0.0
CTR_001769,Train,0,91.80121641144177,0.0
CTR_001774,Test,0,91.80121641144177,0.0
CTR_001777,Train,0,91.80121641144177,0.0
CTR_001779,Test,0,91.80121641144177,0.0
CTR_001783,Train,1,91.80121641144177,525.88
CTR_001791,Train,0,91.80121641144177,0.0
CTR_001792,Train,0,91.80121641144177,0.0
CTR_001793,Train,0,91.80121641144177,0.0
CTR_001794,Train,0,91.80121641144177,0.0
CTR_001795,Train,0,91.80121641144177,0.0
CTR_001798,Test,0,91.80121641144177,0.0
CTR_001801,Train,0,91.80121641144177,0.0
CTR_001802,Test,0,91.80121641144177,0.0
CTR_001803,Train,0,91.80121641144177,0.0
CTR_001814,Train,0,91.80121641144177,0.0
CTR_001815,Test,0,91.80121641144177,0.0
CTR_001823,Train,0,91.80121641144177,0.0
CTR_001825,Test,0,91.80121641144177,0.0
CTR_001830,Train,0,91.80121641144177,0.0
CTR_001834,Train,0,91.80121641144177,0.0
CTR_001836,Train,0,91.80121641144177,0.0
CTR_001842,Train,0,91.80121641144177,0.0
CTR_001849,Train,0,91.80121641144177,0.0
CTR_001857,Train,0,91.80121641144177,0.0
CTR_001860,Test,0,91.80121641144177,0.0
CTR_001862,Train,0,91.80121641144177,0.0
CTR_001863,Train,0,91.80121641144177,0.0
CTR_001865,Train,0,91.80121641144177,0.0
CTR_001866,Train,0,91.80121641144177,0.0
CTR_001867,Train,0,91.80121641144177,0.0
CTR_001870,Train,0,91.80121641144177,0.0
CTR_001876,Train,0,91.80121641144177,0.0
CTR_001878,Train,0,91.80121641144177,0.0
CTR_001885,Train,0,91.80121641144177,0.0
CTR_001886,Train,0,91.80121641144177,0.0
CTR_001887,Train,0,91.80121641144177,0.0
CTR_001888,Train,0,91.80121641144177,0.0
CTR_001889,Test,0,91.80121641144177,0.0
CTR_001896,Train,0,91.80121641144177,0.0
CTR_001898,Test,0,91.80121641144177,0.0
CTR_001904,Train,0,91.80121641144177,0.0
CTR_001905,Train,0,91.80121641144177,0.0
CTR_001912,Train,0,91.80121641144177,0.0
CTR_001914,Train,0,91.80121641144177,0.0
CTR_001918,Train,0,91.80121641144177,0.0
CTR_001919,Train,0,91.80121641144177,0.0
CTR_001923,Test,0,91.80121641144177,0.0
CTR_001925,Train,0,91.80121641144177,0.0
CTR_001929,Train,0,91.80121641144177,0.0
CTR_001930,Train,0,91.80121641144177,0.0
CTR_001931,Test,0,91.80121641144177,0.0
CTR_001936,Train,0,91.80121641144177,0.0
CTR_001938,Train,0,91.80121641144177,0.0
CTR_001940,Train,0,91.80121641144177,0.0
CTR_001941,Train,1,91.80121641144177,1800.12
CTR_001943,Train,0,91.80121641144177,0.0
CTR_001945,Train,0,91.80121641144177,0.0
CTR_001950,Train,0,91.80121641144177,0.0
CTR_001956,Train,0,91.80121641144177,0.0
CTR_001959,Train,0,91.80121641144177,0.0
CTR_001961,Test,0,91.80121641144177,0.0
CTR_001967,Train,0,91.80121641144177,0.0
CTR_001986,Train,0,91.80121641144177,0.0
CTR_001987,Test,0,91.80121641144177,0.0
CTR_001990,Test,0,91.80121641144177,0.0
CTR_001991,Train,0,91.80121641144177,0.0
CTR_001993,Train,0,91.80121641144177,0.0
CTR_002005,Train,0,91.80121641144177,0.0
CTR_002006,Train,0,91.80121641144177,0.0
CTR_002009,Train,0,91.80121641144177,0.0
CTR_002010,Test,0,91.80121641144177,0.0
CTR_002014,Train,0,91.80121641144177,0.0
CTR_002019,Train,0,91.80121641144177,0.0
CTR_002025,Train,0,91.80121641144177,0.0
CTR_002037,Train,0,91.80121641144177,0.0
CTR_002038,Test,0,91.80121641144177,0.0
CTR_002040,Train,0,91.80121641144177,0.0
CTR_002042,Train,0,91.80121641144177,0.0
CTR_002043,Train,0,91.80121641144177,0.0
CTR_002044,Train,0,91.80121641144177,0.0
CTR_002045,Train,0,91.80121641144177,0.0
CTR_002053,Test,0,91.80121641144177,0.0
CTR_002056,Train,0,91.80121641144177,0.0
CTR_002058,Train,0,91.80121641144177,0.0
CTR_002061,Train,0,91.80121641144177,0.0
CTR_002064,Train,0,91.80121641144177,0.0
CTR_002067,Train,0,91.80121641144177,0.0
CTR_002068,Test,0,91.80121641144177,0.0
CTR_002070,Train,0,91.80121641144177,0.0
CTR_002073,Train,0,91.80121641144177,0.0
CTR_002082,Train,0,91.80121641144177,0.0
CTR_002086,Train,0,91.80121641144177,0.0
CTR_002087,Train,0,91.80121641144177,0.0
CTR_002090,Train,0,91.80121641144177,0.0
CTR_002094,Train,0,91.80121641144177,0.0
CTR_002095,Train,0,91.80121641144177,0.0
CTR_002096,Test,0,91.80121641144177,0.0
CTR_002097,Train,0,91.80121641144177,0.0
CTR_002099,Train,0,91.80121641144177,0.0
CTR_002101,Train,0,91.80121641144177,0.0
CTR_002112,Train,0,91.80121641144177,0.0
CTR_002113,Test,0,91.80121641144177,0.0
CTR_002114,Train,0,91.80121641144177,0.0
CTR_002117,Train,0,91.80121641144177,0.0
CTR_002118,Train,0,91.80121641144177,0.0
CTR_002120,Train,0,91.80121641144177,0.0
CTR_002128,Train,0,91.80121641144177,0.0
CTR_002135,Test,0,91.80121641144177,0.0
CTR_002136,Train,0,91.80121641144177,0.0
CTR_002141,Test,0,91.80121641144177,0.0
CTR_002148,Train,0,91.80121641144177,0.0
CTR_002149,Train,0,91.80121641144177,0.0
CTR_002151,Train,0,91.80121641144177,0.0
CTR_002153,Train,0,91.80121641144177,0.0
CTR_002154,Train,0,91.80121641144177,0.0
CTR_002166,Train,0,91.80121641144177,0.0
CTR_002173,Train,0,91.80121641144177,0.0
CTR_002174,Test,0,91.80121641144177,0.0
CTR_002177,Train,0,91.80121641144177,0.0
CTR_002179,Train,0,91.80121641144177,0.0
CTR_002185,Train,0,91.80121641144177,0.0
CTR_002186,Train,0,91.80121641144177,0.0
CTR_002188,Train,0,91.80121641144177,0.0
CTR_002201,Train,0,91.80121641144177,0.0
CTR_002208,Test,0,91.80121641144177,0.0
CTR_002211,Train,0,91.80121641144177,0.0
CTR_002212,Test,0,91.80121641144177,0.0
CTR_002213,Train,0,91.80121641144177,0.0
CTR_002217,Test,0,91.80121641144177,0.0
CTR_002224,Train,0,91.80121641144177,0.0
CTR_002225,Train,0,91.80121641144177,0.0
CTR_002230,Train,0,91.80121641144177,0.0
CTR_002232,Train,0,91.80121641144177,0.0
CTR_002234,Train,0,91.80121641144177,0.0
CTR_002237,Test,0,91.80121641144177,0.0
CTR_002238,Train,0,91.80121641144177,0.0
CTR_002239,Test,0,91.80121641144177,0.0
CTR_002240,Train,0,91.80121641144177,0.0
CTR_002241,Train,0,91.80121641144177,0.0
CTR_002243,Train,0,91.80121641144177,0.0
CTR_002244,Test,0,91.80121641144177,0.0
CTR_002246,Test,0,91.80121641144177,0.0
CTR_002247,Test,0,91.80121641144177,0.0
CTR_002248,Train,0,91.80121641144177,0.0
CTR_002249,Train,0,91.80121641144177,0.0
CTR_002262,Train,0,91.80121641144177,0.0
CTR_002263,Train,0,91.80121641144177,0.0
CTR_002264,Test,0,91.80121641144177,0.0
CTR_002268,Train,0,91.80121641144177,0.0
CTR_002276,Train,0,91.80121641144177,0.0
CTR_002277,Train,0,91.80121641144177,0.0
CTR_002279,Train,0,91.80121641144177,0.0
CTR_002283,Train,0,91.80121641144177,0.0
CTR_002284,Test,0,91.80121641144177,0.0
CTR_002286,Train,0,91.80121641144177,0.0
CTR_002289,Train,0,91.80121641144177,0.0
CTR_002302,Train,0,91.80121641144177,0.0
CTR_002309,Test,0,91.80121641144177,0.0
CTR_002314,Train,0,91.80121641144177,0.0
CTR_002318,Test,0,91.80121641144177,0.0
CTR_002322,Test,0,91.80121641144177,0.0
CTR_002324,Train,0,91.80121641144177,0.0
CTR_002327,Train,0,91.80121641144177,0.0
CTR_002328,Train,0,91.80121641144177,0.0
CTR_002334,Test,0,91.80121641144177,0.0
CTR_002337,Train,0,91.80121641144177,0.0
CTR_002338,Train,0,91.80121641144177,0.0
CTR_002339,Train,0,91.80121641144177,0.0
CTR_002340,Test,0,91.80121641144177,0.0
CTR_002345,Train,0,91.80121641144177,0.0
CTR_002347,Train,0,91.80121641144177,0.0
CTR_002352,Train,0,91.80121641144177,0.0
CTR_002356,Train,0,91.80121641144177,0.0
CTR_002363,Train,0,91.80121641144177,0.0
CTR_002364,Train,1,91.80121641144177,1482.36
CTR_002366,Train,0,91.80121641144177,0.0
CTR_002370,Train,0,91.80121641144177,0.0
CTR_002371,Test,0,91.80121641144177,0.0
CTR_002374,Train,0,91.80121641144177,0.0
CTR_002382,Train,0,91.80121641144177,0.0
CTR_002383,Train,0,91.80121641144177,0.0
CTR_002387,Train,0,91.80121641144177,0.0
CTR_002388,Train,0,91.80121641144177,0.0
CTR_002389,Test,0,91.80121641144177,0.0
CTR_002390,Train,0,91.80121641144177,0.0
CTR_002393,Train,0,91.80121641144177,0.0
CTR_002394,Test,0,91.80121641144177,0.0
CTR_002397,Train,0,91.80121641144177,0.0
CTR_002400,Train,0,91.80121641144177,0.0
CTR_002402,Train,0,91.80121641144177,0.0
CTR_002403,Test,0,91.80121641144177,0.0
CTR_002407,Train,0,91.80121641144177,0.0
CTR_002408,Train,0,91.80121641144177,0.0
CTR_002409,Train,0,91.80121641144177,0.0
CTR_002415,Train,0,91.80121641144177,0.0
CTR_002416,Train,0,91.80121641144177,0.0
CTR_002424,Train,0,91.80121641144177,0.0
CTR_002428,Train,0,91.80121641144177,0.0
CTR_002429,Train,0,91.80121641144177,0.0
CTR_002431,Train,0,91.80121641144177,0.0
CTR_002434,Test,0,91.80121641144177,0.0
CTR_002440,Test,0,91.80121641144177,0.0
CTR_002448,Train,0,91.80121641144177,0.0
CTR_002455,Train,0,91.80121641144177,0.0
CTR_002456,Train,0,91.80121641144177,0.0
CTR_002466,Test,0,91.80121641144177,0.0
CTR_002467,Train,0,91.80121641144177,0.0
CTR_002469,Train,0,91.80121641144177,0.0
CTR_002477,Train,0,91.80121641144177,0.0
CTR_002481,Train,0,91.80121641144177,0.0
CTR_002489,Test,0,91.80121641144177,0.0
CTR_002494,Test,0,91.80121641144177,0.0
CTR_002496,Train,0,91.80121641144177,0.0
CTR_002499,Train,0,91.80121641144177,0.0
CTR_002503,Train,0,91.80121641144177,0.0
CTR_002507,Test,0,91.80121641144177,0.0
CTR_002508,Train,0,91.80121641144177,0.0
CTR_002511,Train,0,91.80121641144177,0.0
CTR_002512,Train,0,91.80121641144177,0.0
CTR_002513,Test,0,91.80121641144177,0.0
CTR_002520,Train,0,91.80121641144177,0.0
CTR_002521,Train,0,91.80121641144177,0.0
CTR_002522,Train,0,91.80121641144177,0.0
CTR_002526,Train,0,91.80121641144177,0.0
CTR_002528,Train,0,91.80121641144177,0.0
CTR_002532,Train,0,91.80121641144177,0.0
CTR_002535,Train,0,91.80121641144177,0.0
CTR_002541,Train,0,91.80121641144177,0.0
CTR_002546,Train,0,91.80121641144177,0.0
CTR_002551,Train,0,91.80121641144177,0.0
CTR_002553,Test,0,91.80121641144177,0.0
CTR_002554,Train,0,91.80121641144177,0.0
CTR_002563,Train,0,91.80121641144177,0.0
CTR_002565,Test,1,91.80121641144177,3351.76
CTR_002568,Train,0,91.80121641144177,0.0
CTR_002570,Test,0,91.80121641144177,0.0
CTR_002571,Train,0,91.80121641144177,0.0
CTR_002580,Train,0,91.80121641144177,0.0
CTR_002581,Train,0,91.80121641144177,0.0
CTR_002585,Train,0,91.80121641144177,0.0
CTR_002586,Train,0,91.80121641144177,0.0
CTR_002587,Train,0,91.80121641144177,0.0
CTR_002591,Test,0,91.80121641144177,0.0
CTR_002603,Test,0,91.80121641144177,0.0
CTR_002606,Train,0,91.80121641144177,0.0
CTR_002607,Train,0,91.80121641144177,0.0
CTR_002609,Train,0,91.80121641144177,0.0
CTR_002614,Train,0,91.80121641144177,0.0
CTR_002618,Train,0,91.80121641144177,0.0
CTR_002622,Train,0,91.80121641144177,0.0
CTR_002624,Train,0,91.80121641144177,0.0
CTR_002625,Train,0,91.80121641144177,0.0
CTR_002632,Train,0,91.80121641144177,0.0
CTR_002643,Test,0,91.80121641144177,0.0
CTR_002646,Train,0,91.80121641144177,0.0
CTR_002649,Train,0,91.80121641144177,0.0
CTR_002653,Test,1,91.80121641144177,1762.45
CTR_002655,Test,0,91.80121641144177,0.0
CTR_002656,Train,0,91.80121641144177,0.0
CTR_002657,Train,0,91.80121641144177,0.0
CTR_002659,Train,0,91.80121641144177,0.0
CTR_002660,Train,0,91.80121641144177,0.0
CTR_002662,Train,0,91.80121641144177,0.0
CTR_002663,Train,0,91.80121641144177,0.0
CTR_002664,Train,0,91.80121641144177,0.0
CTR_002665,Train,0,91.80121641144177,0.0
CTR_002669,Train,0,91.80121641144177,0.0
CTR_002678,Train,0,91.80121641144177,0.0
CTR_002679,Train,0,91.80121641144177,0.0
CTR_002680,Train,0,91.80121641144177,0.0
CTR_002681,Test,0,91.80121641144177,0.0
CTR_002683,Train,0,91.80121641144177,0.0
CTR_002685,Train,0,91.80121641144177,0.0
CTR_002686,Test,0,91.80121641144177,0.0
CTR_002687,Train,0,91.80121641144177,0.0
CTR_002691,Train,0,91.80121641144177,0.0
CTR_002692,Train,0,91.80121641144177,0.0
CTR_002694,Test,0,91.80121641144177,0.0
CTR_002696,Train,0,91.80121641144177,0.0
CTR_002700,Test,0,91.80121641144177,0.0
CTR_002703,Train,0,91.80121641144177,0.0
CTR_002704,Train,0,91.80121641144177,0.0
CTR_002706,Train,0,91.80121641144177,0.0
CTR_002711,Train,0,91.80121641144177,0.0
CTR_002714,Train,0,91.80121641144177,0.0
CTR_002715,Train,0,91.80121641144177,0.0
CTR_002718,Train,0,91.80121641144177,0.0
CTR_002721,Train,0,91.80121641144177,0.0
CTR_002725,Test,0,91.80121641144177,0.0
CTR_002736,Train,0,91.80121641144177,0.0
CTR_002737,Train,0,91.80121641144177,0.0
CTR_002738,Train,0,91.80121641144177,0.0
CTR_002740,Train,0,91.80121641144177,0.0
CTR_002744,Train,0,91.80121641144177,0.0
CTR_002753,Train,0,91.80121641144177,0.0
CTR_002758,Train,1,91.80121641144177,1227.22
CTR_002759,Train,0,91.80121641144177,0.0
CTR_002760,Train,0,91.80121641144177,0.0
CTR_002764,Train,0,91.80121641144177,0.0
CTR_002765,Train,0,91.80121641144177,0.0
CTR_002766,Train,0,91.80121641144177,0.0
CTR_002770,Train,0,91.80121641144177,0.0
CTR_002775,Test,0,91.80121641144177,0.0
CTR_002777,Train,0,91.80121641144177,0.0
CTR_002782,Train,0,91.80121641144177,0.0
CTR_002788,Train,0,91.80121641144177,0.0
CTR_002791,Train,0,91.80121641144177,0.0
CTR_002794,Train,0,91.80121641144177,0.0
CTR_002795,Train,0,91.80121641144177,0.0
CTR_002797,Test,0,91.80121641144177,0.0
CTR_002802,Train,0,91.80121641144177,0.0
CTR_002807,Train,0,91.80121641144177,0.0
CTR_002810,Train,0,91.80121641144177,0.0
CTR_002815,Train,0,91.80121641144177,0.0
CTR_002816,Train,0,91.80121641144177,0.0
CTR_002817,Train,0,91.80121641144177,0.0
CTR_002825,Train,0,91.80121641144177,0.0
CTR_002829,Train,0,91.80121641144177,0.0
CTR_002833,Train,0,91.80121641144177,0.0
CTR_002836,Test,0,91.80121641144177,0.0
CTR_002837,Test,0,91.80121641144177,0.0
CTR_002843,Train,0,91.80121641144177,0.0
CTR_002846,Train,0,91.80121641144177,0.0
CTR_002856,Train,0,91.80121641144177,0.0
CTR_002859,Train,0,91.80121641144177,0.0
CTR_002868,Train,0,91.80121641144177,0.0
CTR_002869,Train,0,91.80121641144177,0.0
CTR_002875,Train,0,91.80121641144177,0.0
CTR_002876,Test,0,91.80121641144177,0.0
CTR_002878,Train,0,91.80121641144177,0.0
CTR_002879,Test,0,91.80121641144177,0.0
CTR_002882,Train,0,91.80121641144177,0.0
CTR_002886,Train,0,91.80121641144177,0.0
CTR_002905,Test,0,91.80121641144177,0.0
CTR_002907,Train,0,91.80121641144177,0.0
CTR_002910,Test,0,91.80121641144177,0.0
CTR_002911,Train,0,91.80121641144177,0.0
CTR_002915,Train,0,91.80121641144177,0.0
CTR_002916,Test,0,91.80121641144177,0.0
CTR_002918,Train,0,91.80121641144177,0.0
CTR_002922,Test,0,91.80121641144177,0.0
CTR_002925,Train,0,91.80121641144177,0.0
CTR_002930,Test,0,91.80121641144177,0.0
CTR_002937,Train,0,91.80121641144177,0.0
CTR_002938,Train,0,91.80121641144177,0.0
CTR_002939,Train,0,91.80121641144177,0.0
CTR_002941,Train,0,91.80121641144177,0.0
CTR_002943,Train,0,91.80121641144177,0.0
CTR_002953,Train,1,91.80121641144177,2223.36
CTR_002957,Train,0,91.80121641144177,0.0
CTR_002958,Train,0,91.80121641144177,0.0
CTR_002960,Train,0,91.80121641144177,0.0
CTR_002965,Train,0,91.80121641144177,0.0
CTR_002967,Train,0,91.80121641144177,0.0
CTR_002968,Train,0,91.80121641144177,0.0
CTR_002969,Train,0,91.80121641144177,0.0
CTR_002970,Test,0,91.80121641144177,0.0
CTR_002977,Test,0,91.80121641144177,0.0
CTR_002978,Test,0,91.80121641144177,0.0
CTR_002979,Test,0,91.80121641144177,0.0
CTR_002980,Test,0,91.80121641144177,0.0
CTR_002981,Train,0,91.80121641144177,0.0
CTR_002982,Train,0,91.80121641144177,0.0
CTR_002984,Train,0,91.80121641144177,0.0
CTR_002985,Train,0,91.80121641144177,0.0
CTR_002986,Train,0,91.80121641144177,0.0
CTR_002989,Test,0,91.80121641144177,0.0
CTR_002992,Train,0,91.80121641144177,0.0
CTR_002994,Train,0,91.80121641144177,0.0
CTR_002999,Test,0,91.80121641144177,0.0
CTR_003001,Train,0,91.80121641144177,0.0
CTR_003004,Train,0,91.80121641144177,0.0
CTR_003006,Train,0,91.80121641144177,0.0
CTR_003009,Train,0,91.80121641144177,0.0
CTR_003019,Test,0,91.80121641144177,0.0
CTR_003027,Train,0,91.80121641144177,0.0
CTR_003028,Test,0,91.80121641144177,0.0
CTR_003032,Train,0,91.80121641144177,0.0
CTR_003034,Test,0,91.80121641144177,0.0
CTR_003036,Train,0,91.80121641144177,0.0
CTR_003042,Train,0,91.80121641144177,0.0
CTR_003045,Train,0,91.80121641144177,0.0
CTR_003047,Test,0,91.80121641144177,0.0
CTR_003053,Test,0,91.80121641144177,0.0
CTR_003055,Test,0,91.80121641144177,0.0
CTR_003056,Train,0,91.80121641144177,0.0
CTR_003063,Test,0,91.80121641144177,0.0
CTR_003065,Train,0,91.80121641144177,0.0
CTR_003067,Train,0,91.80121641144177,0.0
CTR_003069,Train,0,91.80121641144177,0.0
CTR_003084,Test,0,91.80121641144177,0.0
CTR_003088,Train,0,91.80121641144177,0.0
CTR_003089,Train,0,91.80121641144177,0.0
CTR_003094,Train,0,91.80121641144177,0.0
CTR_003097,Train,0,91.80121641144177,0.0
CTR_003103,Train,0,91.80121641144177,0.0
CTR_003104,Train,0,91.80121641144177,0.0
CTR_003105,Train,0,91.80121641144177,0.0
CTR_003107,Train,0,91.80121641144177,0.0
CTR_003111,Train,0,91.80121641144177,0.0
CTR_003112,Test,0,91.80121641144177,0.0
CTR_003113,Test,0,91.80121641144177,0.0
CTR_003123,Test,0,91.80121641144177,0.0
CTR_003131,Train,0,91.80121641144177,0.0
CTR_003133,Train,0,91.80121641144177,0.0
CTR_003141,Train,0,91.80121641144177,0.0
CTR_003153,Train,0,91.80121641144177,0.0
CTR_003154,Train,0,91.80121641144177,0.0
CTR_003156,Train,0,91.80121641144177,0.0
CTR_003158,Train,0,91.80121641144177,0.0
CTR_003168,Train,0,91.80121641144177,0.0
CTR_003171,Train,0,91.80121641144177,0.0
CTR_003173,Train,0,91.80121641144177,0.0
CTR_003174,Train,0,91.80121641144177,0.0
CTR_003179,Train,0,91.80121641144177,0.0
CTR_003182,Train,0,91.80121641144177,0.0
CTR_003184,Train,0,91.80121641144177,0.0
CTR_003190,Train,0,91.80121641144177,0.0
CTR_003192,Train,0,91.80121641144177,0.0
CTR_003194,Train,0,91.80121641144177,0.0
CTR_003196,Train,0,91.80121641144177,0.0
CTR_003198,Train,0,91.80121641144177,0.0
CTR_003202,Train,0,91.80121641144177,0.0
CTR_003205,Train,0,91.80121641144177,0.0
CTR_003210,Train,0,91.80121641144177,0.0
CTR_003214,Train,0,91.80121641144177,0.0
CTR_003215,Test,0,91.80121641144177,0.0
CTR_003218,Train,1,91.80121641144177,2166.96
CTR_003224,Train,0,91.80121641144177,0.0
CTR_003237,Train,0,91.80121641144177,0.0
CTR_003239,Train,0,91.80121641144177,0.0
CTR_003242,Test,0,91.80121641144177,0.0
CTR_003245,Train,0,91.80121641144177,0.0
CTR_003250,Train,0,91.80121641144177,0.0
CTR_003254,Train,0,91.80121641144177,0.0
CTR_003256,Test,0,91.80121641144177,0.0
CTR_003259,Train,0,91.80121641144177,0.0
CTR_003262,Train,0,91.80121641144177,0.0
CTR_003265,Train,0,91.80121641144177,0.0
CTR_003269,Train,0,91.80121641144177,0.0
CTR_003271,Test,0,91.80121641144177,0.0
CTR_003273,Train,0,91.80121641144177,0.0
CTR_003281,Train,0,91.80121641144177,0.0
CTR_003282,Train,0,91.80121641144177,0.0
CTR_003285,Train,1,91.80121641144177,1530.98
CTR_003288,Train,0,91.80121641144177,0.0
CTR_003289,Train,0,91.80121641144177,0.0
CTR_003292,Train,0,91.80121641144177,0.0
CTR_003293,Train,0,91.80121641144177,0.0
CTR_003297,Train,0,91.80121641144177,0.0
CTR_003312,Train,0,91.80121641144177,0.0
CTR_003319,Train,0,91.80121641144177,0.0
CTR_003320,Train,0,91.80121641144177,0.0
CTR_003324,Train,0,91.80121641144177,0.0
CTR_003330,Train,0,91.80121641144177,0.0
CTR_003331,Train,0,91.80121641144177,0.0
CTR_003334,Train,0,91.80121641144177,0.0
CTR_003335,Train,0,91.80121641144177,0.0
CTR_003340,Train,0,91.80121641144177,0.0
CTR_003343,Train,0,91.80121641144177,0.0
CTR_003346,Train,0,91.80121641144177,0.0
CTR_003348,Test,0,91.80121641144177,0.0
CTR_003351,Test,0,91.80121641144177,0.0
CTR_003353,Train,0,91.80121641144177,0.0
CTR_003354,Test,0,91.80121641144177,0.0
CTR_003360,Test,0,91.80121641144177,0.0
CTR_003362,Train,0,91.80121641144177,0.0
CTR_003366,Test,0,91.80121641144177,0.0
CTR_003370,Train,0,91.80121641144177,0.0
CTR_003372,Train,0,91.80121641144177,0.0
CTR_003382,Train,0,91.80121641144177,0.0
CTR_003384,Train,0,91.80121641144177,0.0
CTR_003390,Train,0,91.80121641144177,0.0
CTR_003394,Train,0,91.80121641144177,0.0
CTR_003406,Train,0,91.80121641144177,0.0
CTR_003410,Test,0,91.80121641144177,0.0
CTR_003411,Train,0,91.80121641144177,0.0
CTR_003413,Train,0,91.80121641144177,0.0
CTR_003418,Train,0,91.80121641144177,0.0
CTR_003424,Test,0,91.80121641144177,0.0
CTR_003431,Train,0,91.80121641144177,0.0
CTR_003432,Train,0,91.80121641144177,0.0
CTR_003438,Train,0,91.80121641144177,0.0
CTR_003439,Test,0,91.80121641144177,0.0
CTR_003440,Test,1,91.80121641144177,1015.07
CTR_003442,Train,0,91.80121641144177,0.0
CTR_003443,Test,0,91.80121641144177,0.0
CTR_003452,Train,0,91.80121641144177,0.0
CTR_003453,Train,0,91.80121641144177,0.0
CTR_003454,Test,0,91.80121641144177,0.0
CTR_003455,Train,0,91.80121641144177,0.0
CTR_003459,Train,0,91.80121641144177,0.0
CTR_003460,Train,0,91.80121641144177,0.0
CTR_003465,Train,0,91.80121641144177,0.0
CTR_003467,Train,0,91.80121641144177,0.0
CTR_003472,Train,0,91.80121641144177,0.0
CTR_003479,Train,0,91.80121641144177,0.0
CTR_003483,Train,0,91.80121641144177,0.0
CTR_003495,Train,0,91.80121641144177,0.0
CTR_003497,Train,0,91.80121641144177,0.0
CTR_003502,Test,0,91.80121641144177,0.0
CTR_003507,Test,0,91.80121641144177,0.0
CTR_003508,Train,0,91.80121641144177,0.0
CTR_003509,Train,0,91.80121641144177,0.0
CTR_003510,Test,0,91.80121641144177,0.0
CTR_003515,Test,0,91.80121641144177,0.0
CTR_003516,Train,0,91.80121641144177,0.0
CTR_003518,Train,0,91.80121641144177,0.0
CTR_003519,Train,0,91.80121641144177,0.0
CTR_003520,Train,0,91.80121641144177,0.0
CTR_003524,Train,0,91.80121641144177,0.0
CTR_003529,Train,0,91.80121641144177,0.0
CTR_003531,Train,0,91.80121641144177,0.0
CTR_003537,Train,0,91.80121641144177,0.0
CTR_003540,Train,0,91.80121641144177,0.0
CTR_003543,Train,0,91.80121641144177,0.0
CTR_003544,Train,1,91.80121641144177,19682.88
CTR_003547,Train,0,91.80121641144177,0.0
CTR_003551,Test,0,91.80121641144177,0.0
CTR_003553,Train,0,91.80121641144177,0.0
CTR_003556,Train,0,91.80121641144177,0.0
CTR_003557,Train,0,91.80121641144177,0.0
CTR_003563,Test,0,91.80121641144177,0.0
CTR_003569,Train,0,91.80121641144177,0.0
CTR_003575,Train,0,91.80121641144177,0.0
CTR_003578,Test,0,91.80121641144177,0.0
CTR_003581,Test,0,91.80121641144177,0.0
CTR_003589,Train,0,91.80121641144177,0.0
CTR_003590,Train,0,91.80121641144177,0.0
CTR_003600,Train,0,91.80121641144177,0.0
CTR_003603,Train,0,91.80121641144177,0.0
CTR_003604,Test,0,91.80121641144177,0.0
CTR_003606,Train,0,91.80121641144177,0.0
CTR_003611,Train,0,91.80121641144177,0.0
CTR_003612,Train,0,91.80121641144177,0.0
CTR_003620,Train,0,91.80121641144177,0.0
CTR_003624,Train,0,91.80121641144177,0.0
CTR_003631,Train,0,91.80121641144177,0.0
CTR_003633,Test,0,91.80121641144177,0.0
CTR_003637,Train,0,91.80121641144177,0.0
CTR_003640,Train,0,91.80121641144177,0.0
CTR_003641,Test,0,91.80121641144177,0.0
CTR_003645,Train,0,91.80121641144177,0.0
CTR_003648,Train,0,91.80121641144177,0.0
CTR_003652,Train,0,91.80121641144177,0.0
CTR_003656,Test,0,91.80121641144177,0.0
CTR_003658,Train,0,91.80121641144177,0.0
CTR_003663,Train,0,91.80121641144177,0.0
CTR_003664,Train,0,91.80121641144177,0.0
CTR_003668,Train,0,91.80121641144177,0.0
CTR_003676,Train,0,91.80121641144177,0.0
CTR_003678,Train,0,91.80121641144177,0.0
CTR_003685,Train,0,91.80121641144177,0.0
CTR_003689,Train,0,91.80121641144177,0.0
CTR_003694,Train,0,91.80121641144177,0.0
CTR_003696,Test,0,91.80121641144177,0.0
CTR_003697,Train,0,91.80121641144177,0.0
CTR_003698,Train,0,91.80121641144177,0.0
CTR_003700,Train,0,91.80121641144177,0.0
CTR_003704,Train,0,91.80121641144177,0.0
CTR_003709,Train,0,91.80121641144177,0.0
CTR_003711,Train,0,91.80121641144177,0.0
CTR_003715,Train,0,91.80121641144177,0.0
CTR_003718,Train,0,91.80121641144177,0.0
CTR_003721,Train,0,91.80121641144177,0.0
CTR_003724,Train,0,91.80121641144177,0.0
CTR_003726,Train,0,91.80121641144177,0.0
CTR_003727,Train,0,91.80121641144177,0.0
CTR_003730,Train,0,91.80121641144177,0.0
CTR_003733,Test,0,91.80121641144177,0.0
CTR_003735,Test,0,91.80121641144177,0.0
CTR_003736,Train,0,91.80121641144177,0.0
CTR_003737,Test,0,91.80121641144177,0.0
CTR_003752,Train,0,91.80121641144177,0.0
CTR_003757,Train,0,91.80121641144177,0.0
CTR_003758,Test,0,91.80121641144177,0.0
CTR_003759,Test,0,91.80121641144177,0.0
CTR_003761,Train,0,91.80121641144177,0.0
CTR_003764,Train,0,91.80121641144177,0.0
CTR_003766,Test,0,91.80121641144177,0.0
CTR_003767,Train,0,91.80121641144177,0.0
CTR_003769,Train,0,91.80121641144177,0.0
CTR_003771,Train,0,91.80121641144177,0.0
CTR_003774,Train,0,91.80121641144177,0.0
CTR_003778,Train,0,91.80121641144177,0.0
CTR_003779,Train,0,91.80121641144177,0.0
CTR_003781,Test,0,91.80121641144177,0.0
CTR_003785,Test,0,91.80121641144177,0.0
CTR_003787,Train,0,91.80121641144177,0.0
CTR_003797,Train,0,91.80121641144177,0.0
CTR_003805,Train,0,91.80121641144177,0.0
CTR_003807,Test,0,91.80121641144177,0.0
CTR_003810,Test,0,91.80121641144177,0.0
CTR_003811,Train,0,91.80121641144177,0.0
CTR_003821,Train,0,91.80121641144177,0.0
CTR_003823,Train,0,91.80121641144177,0.0
CTR_003827,Train,0,91.80121641144177,0.0
CTR_003829,Train,0,91.80121641144177,0.0
CTR_003830,Train,0,91.80121641144177,0.0
CTR_003835,Train,0,91.80121641144177,0.0
CTR_003836,Train,0,91.80121641144177,0.0
CTR_003840,Train,0,91.80121641144177,0.0
CTR_003850,Test,0,91.80121641144177,0.0
CTR_003852,Train,0,91.80121641144177,0.0
CTR_003856,Train,0,91.80121641144177,0.0
CTR_003860,Train,0,91.80121641144177,0.0
CTR_003865,Train,0,91.80121641144177,0.0
CTR_003869,Train,0,91.80121641144177,0.0
CTR_003871,Train,0,91.80121641144177,0.0
CTR_003872,Train,0,91.80121641144177,0.0
CTR_003873,Train,0,91.80121641144177,0.0
CTR_003878,Train,0,91.80121641144177,0.0
CTR_003880,Train,0,91.80121641144177,0.0
CTR_003887,Train,1,91.80121641144177,1640.4
CTR_003889,Train,0,91.80121641144177,0.0
CTR_003900,Train,0,91.80121641144177,0.0
CTR_003901,Train,0,91.80121641144177,0.0
CTR_003904,Train,0,91.80121641144177,0.0
CTR_003907,Train,0,91.80121641144177,0.0
CTR_003910,Train,0,91.80121641144177,0.0
CTR_003913,Train,0,91.80121641144177,0.0
CTR_003922,Train,0,91.80121641144177,0.0
CTR_003923,Train,0,91.80121641144177,0.0
CTR_003924,Train,0,91.80121641144177,0.0
CTR_003925,Train,0,91.80121641144177,0.0
CTR_003926,Train,0,91.80121641144177,0.0
CTR_003931,Test,0,91.80121641144177,0.0
CTR_003947,Train,0,91.80121641144177,0.0
CTR_003951,Train,0,91.80121641144177,0.0
CTR_003956,Train,0,91.80121641144177,0.0
CTR_003965,Test,0,91.80121641144177,0.0
CTR_003969,Train,0,91.80121641144177,0.0
CTR_003973,Train,0,91.80121641144177,0.0
CTR_003974,Test,0,91.80121641144177,0.0
CTR_003975,Train,0,91.80121641144177,0.0
CTR_003985,Train,0,91.80121641144177,0.0
CTR_003993,Train,0,91.80121641144177,0.0
CTR_003995,Test,0,91.80121641144177,0.0
CTR_003996,Train,0,91.80121641144177,0.0
CTR_004002,Train,0,91.80121641144177,0.0
CTR_004005,Test,0,91.80121641144177,0.0
CTR_004006,Train,0,91.80121641144177,0.0
CTR_004007,Train,1,91.80121641144177,5274.03
CTR_004009,Train,0,91.80121641144177,0.0
CTR_004014,Train,0,91.80121641144177,0.0
CTR_004017,Train,0,91.80121641144177,0.0
CTR_004019,Train,0,91.80121641144177,0.0
CTR_004020,Train,0,91.80121641144177,0.0
CTR_004023,Train,0,91.80121641144177,0.0
CTR_004024,Train,0,91.80121641144177,0.0
CTR_004026,Train,0,91.80121641144177,0.0
CTR_004028,Test,0,91.80121641144177,0.0
CTR_004030,Test,0,91.80121641144177,0.0
CTR_004031,Test,0,91.80121641144177,0.0
CTR_004033,Train,0,91.80121641144177,0.0
CTR_004039,Train,0,91.80121641144177,0.0
CTR_004044,Train,1,91.80121641144177,1623.03
CTR_004045,Train,0,91.80121641144177,0.0
CTR_004047,Test,0,91.80121641144177,0.0
CTR_004052,Train,0,91.80121641144177,0.0
CTR_004059,Test,0,91.80121641144177,0.0
CTR_004065,Test,0,91.80121641144177,0.0
CTR_004068,Train,0,91.80121641144177,0.0
CTR_004070,Test,0,91.80121641144177,0.0
CTR_004077,Train,0,91.80121641144177,0.0
CTR_004083,Train,0,91.80121641144177,0.0
CTR_004084,Test,0,91.80121641144177,0.0
CTR_004089,Test,0,91.80121641144177,0.0
CTR_004093,Test,0,91.80121641144177,0.0
CTR_004094,Test,0,91.80121641144177,0.0
CTR_004095,Train,0,91.80121641144177,0.0
CTR_004097,Test,0,91.80121641144177,0.0
CTR_004100,Train,0,91.80121641144177,0.0
CTR_004101,Train,0,91.80121641144177,0.0
CTR_004106,Train,0,91.80121641144177,0.0
CTR_004107,Train,0,91.80121641144177,0.0
CTR_004113,Train,0,91.80121641144177,0.0
CTR_004117,Train,0,91.80121641144177,0.0
CTR_004119,Train,0,91.80121641144177,0.0
CTR_004128,Test,0,91.80121641144177,0.0
CTR_004134,Test,0,91.80121641144177,0.0
CTR_004137,Train,0,91.80121641144177,0.0
CTR_004145,Train,0,91.80121641144177,0.0
CTR_004146,Train,0,91.80121641144177,0.0
CTR_004150,Train,0,91.80121641144177,0.0
CTR_004151,Test,0,91.80121641144177,0.0
CTR_004155,Train,0,91.80121641144177,0.0
CTR_004156,Train,0,91.80121641144177,0.0
CTR_004161,Train,0,91.80121641144177,0.0
CTR_004162,Train,0,91.80121641144177,0.0
CTR_004173,Train,0,91.80121641144177,0.0
CTR_004175,Train,0,91.80121641144177,0.0
CTR_004180,Train,0,91.80121641144177,0.0
CTR_004184,Train,0,91.80121641144177,0.0
CTR_004187,Train,0,91.80121641144177,0.0
CTR_004192,Train,0,91.80121641144177,0.0
CTR_004197,Test,0,91.80121641144177,0.0
CTR_004200,Test,0,91.80121641144177,0.0
CTR_004202,Train,0,91.80121641144177,0.0
CTR_004203,Train,0,91.80121641144177,0.0
CTR_004204,Train,0,91.80121641144177,0.0
CTR_004205,Train,0,91.80121641144177,0.0
CTR_004206,Train,0,91.80121641144177,0.0
CTR_004207,Train,0,91.80121641144177,0.0
CTR_004222,Test,0,91.80121641144177,0.0
CTR_004224,Train,0,91.80121641144177,0.0
CTR_004225,Train,0,91.80121641144177,0.0
CTR_004229,Train,0,91.80121641144177,0.0
CTR_004230,Train,0,91.80121641144177,0.0
CTR_004232,Train,0,91.80121641144177,0.0
CTR_004233,Test,0,91.80121641144177,0.0
CTR_004236,Train,0,91.80121641144177,0.0
CTR_004237,Train,0,91.80121641144177,0.0
CTR_004239,Train,0,91.80121641144177,0.0
CTR_004252,Train,0,91.80121641144177,0.0
CTR_004265,Train,0,91.80121641144177,0.0
CTR_004266,Train,0,91.80121641144177,0.0
CTR_004275,Train,0,91.80121641144177,0.0
CTR_004276,Test,0,91.80121641144177,0.0
CTR_004278,Train,0,91.80121641144177,0.0
CTR_004279,Train,0,91.80121641144177,0.0
CTR_004281,Train,0,91.80121641144177,0.0
CTR_004284,Test,0,91.80121641144177,0.0
CTR_004286,Train,0,91.80121641144177,0.0
CTR_004289,Train,0,91.80121641144177,0.0
CTR_004295,Test,0,91.80121641144177,0.0
CTR_004298,Train,0,91.80121641144177,0.0
CTR_004304,Test,0,91.80121641144177,0.0
CTR_004309,Test,0,91.80121641144177,0.0
CTR_004314,Train,0,91.80121641144177,0.0
CTR_004317,Test,0,91.80121641144177,0.0
CTR_004318,Test,0,91.80121641144177,0.0
CTR_004323,Test,0,91.80121641144177,0.0
CTR_004329,Train,0,91.80121641144177,0.0
CTR_004337,Train,0,91.80121641144177,0.0
CTR_004342,Train,0,91.80121641144177,0.0
CTR_004347,Train,0,91.80121641144177,0.0
CTR_004348,Test,0,91.80121641144177,0.0
CTR_004350,Train,0,91.80121641144177,0.0
CTR_004353,Train,0,91.80121641144177,0.0
CTR_004358,Test,0,91.80121641144177,0.0
CTR_004364,Train,0,91.80121641144177,0.0
CTR_004365,Train,0,91.80121641144177,0.0
CTR_004370,Train,0,91.80121641144177,0.0
CTR_004373,Train,0,91.80121641144177,0.0
CTR_004376,Train,0,91.80121641144177,0.0
CTR_004378,Train,0,91.80121641144177,0.0
CTR_004381,Train,0,91.80121641144177,0.0
CTR_004382,Train,0,91.80121641144177,0.0
CTR_004384,Train,0,91.80121641144177,0.0
CTR_004385,Train,0,91.80121641144177,0.0
CTR_004386,Test,0,91.80121641144177,0.0
CTR_004389,Train,0,91.80121641144177,0.0
CTR_004397,Test,0,91.80121641144177,0.0
CTR_004408,Train,0,91.80121641144177,0.0
CTR_004410,Train,0,91.80121641144177,0.0
CTR_004413,Test,0,91.80121641144177,0.0
CTR_004414,Test,1,91.80121641144177,1357.53
CTR_004417,Train,0,91.80121641144177,0.0
CTR_004418,Train,0,91.80121641144177,0.0
CTR_004425,Train,0,91.80121641144177,0.0
CTR_004426,Train,0,91.80121641144177,0.0
CTR_004428,Train,0,91.80121641144177,0.0
CTR_004430,Train,0,91.80121641144177,0.0
CTR_004431,Test,0,91.80121641144177,0.0
CTR_004432,Train,0,91.80121641144177,0.0
CTR_004435,Test,0,91.80121641144177,0.0
CTR_004439,Train,0,91.80121641144177,0.0
CTR_004441,Train,0,91.80121641144177,0.0
CTR_004444,Train,0,91.80121641144177,0.0
CTR_004447,Test,0,91.80121641144177,0.0
CTR_004453,Train,0,91.80121641144177,0.0
CTR_004456,Train,0,91.80121641144177,0.0
CTR_004462,Train,0,91.80121641144177,0.0
CTR_004466,Train,0,91.80121641144177,0.0
CTR_004468,Train,0,91.80121641144177,0.0
CTR_004470,Test,0,91.80121641144177,0.0
CTR_004471,Train,1,91.80121641144177,897.3
CTR_004479,Train,0,91.80121641144177,0.0
CTR_004482,Train,0,91.80121641144177,0.0
CTR_004483,Train,0,91.80121641144177,0.0
CTR_004484,Train,0,91.80121641144177,0.0
CTR_004487,Test,0,91.80121641144177,0.0
CTR_004488,Train,0,91.80121641144177,0.0
CTR_004495,Train,0,91.80121641144177,0.0
CTR_004518,Train,0,91.80121641144177,0.0
CTR_004522,Train,0,91.80121641144177,0.0
CTR_004524,Train,0,91.80121641144177,0.0
CTR_004527,Train,0,91.80121641144177,0.0
CTR_004531,Train,0,91.80121641144177,0.0
CTR_004532,Test,0,91.80121641144177,0.0
CTR_004533,Train,0,91.80121641144177,0.0
CTR_004538,Train,0,91.80121641144177,0.0
CTR_004545,Train,0,91.80121641144177,0.0
CTR_004547,Train,0,91.80121641144177,0.0
CTR_004548,Train,0,91.80121641144177,0.0
CTR_004550,Train,0,91.80121641144177,0.0
CTR_004556,Test,0,91.80121641144177,0.0
CTR_004558,Train,0,91.80121641144177,0.0
CTR_004560,Train,0,91.80121641144177,0.0
CTR_004567,Train,0,91.80121641144177,0.0
CTR_004570,Train,0,91.80121641144177,0.0
CTR_004571,Train,0,91.80121641144177,0.0
CTR_004576,Train,0,91.80121641144177,0.0
CTR_004577,Train,0,91.80121641144177,0.0
CTR_004579,Train,0,91.80121641144177,0.0
CTR_004581,Test,0,91.80121641144177,0.0
CTR_004585,Train,0,91.80121641144177,0.0
CTR_004589,Train,0,91.80121641144177,0.0
CTR_004597,Train,0,91.80121641144177,0.0
CTR_004599,Train,0,91.80121641144177,0.0
CTR_004601,Test,0,91.80121641144177,0.0
CTR_004604,Train,0,91.80121641144177,0.0
CTR_004606,Train,0,91.80121641144177,0.0
CTR_004610,Train,0,91.80121641144177,0.0
CTR_004618,Test,0,91.80121641144177,0.0
CTR_004626,Train,0,91.80121641144177,0.0
CTR_004634,Train,0,91.80121641144177,0.0
CTR_004635,Train,0,91.80121641144177,0.0
CTR_004637,Train,0,91.80121641144177,0.0
CTR_004646,Train,0,91.80121641144177,0.0
CTR_004649,Test,0,91.80121641144177,0.0
CTR_004654,Train,0,91.80121641144177,0.0
CTR_004655,Train,0,91.80121641144177,0.0
CTR_004656,Train,0,91.80121641144177,0.0
CTR_004670,Train,0,91.80121641144177,0.0
CTR_004674,Train,0,91.80121641144177,0.0
CTR_004679,Test,0,91.80121641144177,0.0
CTR_004681,Train,0,91.80121641144177,0.0
CTR_004682,Train,0,91.80121641144177,0.0
CTR_004684,Train,0,91.80121641144177,0.0
CTR_004686,Train,0,91.80121641144177,0.0
CTR_004688,Train,0,91.80121641144177,0.0
CTR_004689,Train,0,91.80121641144177,0.0
CTR_004690,Train,0,91.80121641144177,0.0
CTR_004692,Train,0,91.80121641144177,0.0
CTR_004693,Train,0,91.80121641144177,0.0
CTR_004695,Train,0,91.80121641144177,0.0
CTR_004696,Train,0,91.80121641144177,0.0
CTR_004697,Test,0,91.80121641144177,0.0
CTR_004701,Train,0,91.80121641144177,0.0
CTR_004703,Train,0,91.80121641144177,0.0
CTR_004723,Test,0,91.80121641144177,0.0
CTR_004725,Train,0,91.80121641144177,0.0
CTR_004726,Train,0,91.80121641144177,0.0
CTR_004736,Train,0,91.80121641144177,0.0
CTR_004742,Train,0,91.80121641144177,0.0
CTR_004743,Train,0,91.80121641144177,0.0
CTR_004750,Train,0,91.80121641144177,0.0
CTR_004752,Train,0,91.80121641144177,0.0
CTR_004753,Train,0,91.80121641144177,0.0
CTR_004756,Train,0,91.80121641144177,0.0
CTR_004762,Train,0,91.80121641144177,0.0
CTR_004763,Train,0,91.80121641144177,0.0
CTR_004764,Train,0,91.80121641144177,0.0
CTR_004766,Train,0,91.80121641144177,0.0
CTR_004767,Train,0,91.80121641144177,0.0
CTR_004771,Train,0,91.80121641144177,0.0
CTR_004783,Train,0,91.80121641144177,0.0
CTR_004786,Train,0,91.80121641144177,0.0
CTR_004792,Train,0,91.80121641144177,0.0
CTR_004794,Test,0,91.80121641144177,0.0
CTR_004800,Train,0,91.80121641144177,0.0
CTR_004803,Test,0,91.80121641144177,0.0
CTR_004804,Train,0,91.80121641144177,0.0
CTR_004817,Train,0,91.80121641144177,0.0
CTR_004818,Train,0,91.80121641144177,0.0
CTR_004819,Train,0,91.80121641144177,0.0
CTR_004822,Test,0,91.80121641144177,0.0
CTR_004823,Train,0,91.80121641144177,0.0
CTR_004824,Train,0,91.80121641144177,0.0
CTR_004826,Train,0,91.80121641144177,0.0
CTR_004828,Train,0,91.80121641144177,0.0
CTR_004829,Train,0,91.80121641144177,0.0
CTR_004830,Train,0,91.80121641144177,0.0
CTR_004834,Train,0,91.80121641144177,0.0
CTR_004835,Train,0,91.80121641144177,0.0
CTR_004837,Train,0,91.80121641144177,0.0
CTR_004838,Test,0,91.80121641144177,0.0
CTR_004844,Train,0,91.80121641144177,0.0
CTR_004845,Test,0,91.80121641144177,0.0
CTR_004849,Train,0,91.80121641144177,0.0
CTR_004851,Train,1,91.80121641144177,13126.0
CTR_004853,Train,0,91.80121641144177,0.0
CTR_004858,Train,0,91.80121641144177,0.0
CTR_004859,Test,0,91.80121641144177,0.0
CTR_004862,Train,0,91.80121641144177,0.0
CTR_004865,Test,0,91.80121641144177,0.0
CTR_004867,Train,0,91.80121641144177,0.0
CTR_004868,Train,0,91.80121641144177,0.0
CTR_004869,Train,0,91.80121641144177,0.0
CTR_004871,Train,0,91.80121641144177,0.0
CTR_004873,Train,0,91.80121641144177,0.0
CTR_004874,Train,0,91.80121641144177,0.0
CTR_004877,Train,0,91.80121641144177,0.0
CTR_004882,Train,0,91.80121641144177,0.0
CTR_004895,Train,0,91.80121641144177,0.0
CTR_004896,Train,0,91.80121641144177,0.0
CTR_004899,Train,0,91.80121641144177,0.0
CTR_004901,Train,0,91.80121641144177,0.0
CTR_004904,Test,0,91.80121641144177,0.0
CTR_004905,Train,0,91.80121641144177,0.0
CTR_004911,Train,0,91.80121641144177,0.0
CTR_004912,Train,0,91.80121641144177,0.0
CTR_004913,Test,0,91.80121641144177,0.0
CTR_004914,Train,0,91.80121641144177,0.0
CTR_004927,Test,0,91.80121641144177,0.0
CTR_004929,Train,0,91.80121641144177,0.0
CTR_004939,Train,0,91.80121641144177,0.0
CTR_004942,Train,0,91.80121641144177,0.0
CTR_004949,Train,0,91.80121641144177,0.0
CTR_004951,Train,0,91.80121641144177,0.0
CTR_004952,Test,0,91.80121641144177,0.0
CTR_004961,Train,0,91.80121641144177,0.0
CTR_004962,Train,0,91.80121641144177,0.0
CTR_004964,Train,0,91.80121641144177,0.0
CTR_004966,Train,0,91.80121641144177,0.0
CTR_004969,Train,0,91.80121641144177,0.0
CTR_004975,Train,0,91.80121641144177,0.0
CTR_004979,Train,0,91.80121641144177,0.0
CTR_004980,Train,1,91.80121641144177,13201.95
CTR_004982,Train,0,91.80121641144177,0.0
CTR_004988,Train,0,91.80121641144177,0.0
CTR_004990,Train,0,91.80121641144177,0.0
CTR_004992,Train,0,91.80121641144177,0.0
CTR_004997,Train,0,91.80121641144177,0.0
CTR_004998,Test,0,91.80121641144177,0.0
CTR_005000,Train,0,91.80121641144177,0.0
CTR_005002,Train,0,91.80121641144177,0.0
CTR_005003,Train,0,91.80121641144177,0.0
CTR_005004,Train,0,91.80121641144177,0.0
CTR_005009,Train,0,91.80121641144177,0.0
CTR_005011,Test,0,91.80121641144177,0.0
CTR_005013,Test,0,91.80121641144177,0.0
CTR_005017,Train,0,91.80121641144177,0.0
CTR_005028,Train,0,91.80121641144177,0.0
CTR_005031,Train,0,91.80121641144177,0.0
CTR_005032,Train,0,91.80121641144177,0.0
CTR_005039,Train,0,91.80121641144177,0.0
CTR_005041,Train,0,91.80121641144177,0.0
CTR_005044,Train,0,91.80121641144177,0.0
CTR_005046,Train,0,91.80121641144177,0.0
CTR_005047,Train,0,91.80121641144177,0.0
CTR_005048,Train,0,91.80121641144177,0.0
CTR_005049,Train,0,91.80121641144177,0.0
CTR_005052,Train,0,91.80121641144177,0.0
CTR_005059,Train,0,91.80121641144177,0.0
CTR_005062,Train,1,91.80121641144177,6989.57
CTR_005065,Train,0,91.80121641144177,0.0
CTR_005066,Train,0,91.80121641144177,0.0
CTR_005072,Train,0,91.80121641144177,0.0
CTR_005073,Train,0,91.80121641144177,0.0
CTR_005077,Train,0,91.80121641144177,0.0
CTR_005079,Train,0,91.80121641144177,0.0
CTR_005082,Train,0,91.80121641144177,0.0
CTR_005083,Train,0,91.80121641144177,0.0
CTR_005085,Test,0,91.80121641144177,0.0
CTR_005086,Test,0,91.80121641144177,0.0
CTR_005090,Test,0,91.80121641144177,0.0
CTR_005091,Train,0,91.80121641144177,0.0
CTR_005100,Train,0,91.80121641144177,0.0
CTR_005104,Test,0,91.80121641144177,0.0
CTR_005106,Train,0,91.80121641144177,0.0
CTR_005117,Test,0,91.80121641144177,0.0
CTR_005118,Train,0,91.80121641144177,0.0
CTR_005120,Train,0,91.80121641144177,0.0
CTR_005122,Train,0,91.80121641144177,0.0
CTR_005130,Train,0,91.80121641144177,0.0
CTR_005132,Train,0,91.80121641144177,0.0
CTR_005137,Train,0,91.80121641144177,0.0
CTR_005138,Train,0,91.80121641144177,0.0
CTR_005140,Train,0,91.80121641144177,0.0
CTR_005141,Train,0,91.80121641144177,0.0
CTR_005142,Train,0,91.80121641144177,0.0
CTR_005152,Train,0,91.80121641144177,0.0
CTR_005155,Train,0,91.80121641144177,0.0
CTR_005164,Train,0,91.80121641144177,0.0
CTR_005165,Train,0,91.80121641144177,0.0
CTR_005172,Train,0,91.80121641144177,0.0
CTR_005173,Train,0,91.80121641144177,0.0
CTR_005183,Train,1,91.80121641144177,2380.24
CTR_005185,Train,0,91.80121641144177,0.0
CTR_005191,Train,0,91.80121641144177,0.0
CTR_005197,Train,0,91.80121641144177,0.0
CTR_005198,Train,0,91.80121641144177,0.0
CTR_005211,Train,0,91.80121641144177,0.0
CTR_005228,Train,0,91.80121641144177,0.0
CTR_005235,Train,0,91.80121641144177,0.0
CTR_005243,Train,0,91.80121641144177,0.0
CTR_005244,Test,0,91.80121641144177,0.0
CTR_005252,Train,0,91.80121641144177,0.0
CTR_005260,Train,0,91.80121641144177,0.0
CTR_005266,Train,0,91.80121641144177,0.0
CTR_005267,Train,0,91.80121641144177,0.0
CTR_005269,Train,0,91.80121641144177,0.0
CTR_005280,Train,0,91.80121641144177,0.0
CTR_005281,Train,0,91.80121641144177,0.0
CTR_005288,Test,0,91.80121641144177,0.0
CTR_005289,Train,0,91.80121641144177,0.0
CTR_005291,Train,0,91.80121641144177,0.0
CTR_005292,Train,0,91.80121641144177,0.0
CTR_005295,Train,0,91.80121641144177,0.0
CTR_005299,Train,0,91.80121641144177,0.0
CTR_005303,Test,0,91.80121641144177,0.0
CTR_005307,Train,0,91.80121641144177,0.0
CTR_005308,Train,0,91.80121641144177,0.0
CTR_005314,Train,0,91.80121641144177,0.0
CTR_005317,Train,0,91.80121641144177,0.0
CTR_005319,Train,0,91.80121641144177,0.0
CTR_005321,Train,0,91.80121641144177,0.0
CTR_005322,Train,0,91.80121641144177,0.0
CTR_005326,Test,0,91.80121641144177,0.0
CTR_005327,Train,0,91.80121641144177,0.0
CTR_005331,Train,1,91.80121641144177,9030.15
CTR_005335,Train,0,91.80121641144177,0.0
CTR_005337,Test,0,91.80121641144177,0.0
CTR_005341,Test,0,91.80121641144177,0.0
CTR_005342,Train,0,91.80121641144177,0.0
CTR_005343,Train,0,91.80121641144177,0.0
CTR_005350,Train,0,91.80121641144177,0.0
CTR_005356,Test,0,91.80121641144177,0.0
CTR_005359,Train,0,91.80121641144177,0.0
CTR_005360,Train,0,91.80121641144177,0.0
CTR_005373,Train,0,91.80121641144177,0.0
CTR_005382,Test,0,91.80121641144177,0.0
CTR_005383,Train,0,91.80121641144177,0.0
CTR_005384,Train,0,91.80121641144177,0.0
CTR_005385,Train,0,91.80121641144177,0.0
CTR_005386,Train,0,91.80121641144177,0.0
CTR_005388,Train,0,91.80121641144177,0.0
CTR_005389,Train,0,91.80121641144177,0.0
CTR_005391,Train,0,91.80121641144177,0.0
CTR_005396,Train,0,91.80121641144177,0.0
CTR_005401,Train,0,91.80121641144177,0.0
CTR_005403,Train,0,91.80121641144177,0.0
CTR_005404,Train,0,91.80121641144177,0.0
CTR_005405,Test,0,91.80121641144177,0.0
CTR_005406,Train,0,91.80121641144177,0.0
CTR_005410,Train,0,91.80121641144177,0.0
CTR_005413,Test,0,91.80121641144177,0.0
CTR_005415,Train,0,91.80121641144177,0.0
CTR_005428,Train,0,91.80121641144177,0.0
CTR_005438,Train,0,91.80121641144177,0.0
CTR_005439,Train,0,91.80121641144177,0.0
CTR_005440,Train,0,91.80121641144177,0.0
CTR_005445,Train,0,91.80121641144177,0.0
CTR_005446,Train,0,91.80121641144177,0.0
CTR_005447,Test,0,91.80121641144177,0.0
CTR_005449,Test,0,91.80121641144177,0.0
CTR_005452,Test,0,91.80121641144177,0.0
CTR_005454,Train,0,91.80121641144177,0.0
CTR_005458,Test,0,91.80121641144177,0.0
CTR_005459,Train,0,91.80121641144177,0.0
CTR_005467,Train,0,91.80121641144177,0.0
CTR_005470,Test,0,91.80121641144177,0.0
CTR_005472,Train,0,91.80121641144177,0.0
CTR_005473,Train,0,91.80121641144177,0.0
CTR_005476,Train,0,91.80121641144177,0.0
CTR_005478,Train,0,91.80121641144177,0.0
CTR_005480,Train,0,91.80121641144177,0.0
CTR_005485,Test,0,91.80121641144177,0.0
CTR_005486,Train,0,91.80121641144177,0.0
CTR_005495,Test,0,91.80121641144177,0.0
CTR_005499,Train,0,91.80121641144177,0.0
CTR_005504,Train,0,91.80121641144177,0.0
CTR_005505,Train,0,91.80121641144177,0.0
CTR_005517,Train,0,91.80121641144177,0.0
CTR_005530,Train,0,91.80121641144177,0.0
CTR_005532,Train,1,91.80121641144177,445.74
CTR_005538,Test,0,91.80121641144177,0.0
CTR_005541,Test,0,91.80121641144177,0.0
CTR_005542,Train,0,91.80121641144177,0.0
CTR_005543,Train,0,91.80121641144177,0.0
CTR_005544,Train,0,91.80121641144177,0.0
CTR_005547,Train,0,91.80121641144177,0.0
CTR_005553,Train,0,91.80121641144177,0.0
CTR_005555,Test,0,91.80121641144177,0.0
CTR_005560,Train,0,91.80121641144177,0.0
CTR_005569,Train,0,91.80121641144177,0.0
CTR_005571,Train,0,91.80121641144177,0.0
CTR_005577,Train,0,91.80121641144177,0.0
CTR_005579,Train,0,91.80121641144177,0.0
CTR_005580,Train,0,91.80121641144177,0.0
CTR_005581,Train,0,91.80121641144177,0.0
CTR_005585,Train,0,91.80121641144177,0.0
CTR_005587,Train,0,91.80121641144177,0.0
CTR_005588,Train,0,91.80121641144177,0.0
CTR_005589,Train,0,91.80121641144177,0.0
CTR_005590,Train,0,91.80121641144177,0.0
CTR_005592,Test,0,91.80121641144177,0.0
CTR_005594,Train,0,91.80121641144177,0.0
CTR_005596,Test,0,91.80121641144177,0.0
CTR_005602,Test,0,91.80121641144177,0.0
CTR_005604,Train,0,91.80121641144177,0.0
CTR_005605,Train,0,91.80121641144177,0.0
CTR_005606,Train,0,91.80121641144177,0.0
CTR_005607,Train,0,91.80121641144177,0.0
CTR_005610,Train,0,91.80121641144177,0.0
CTR_005612,Train,0,91.80121641144177,0.0
CTR_005613,Train,0,91.80121641144177,0.0
CTR_005616,Train,0,91.80121641144177,0.0
CTR_005625,Train,0,91.80121641144177,0.0
CTR_005626,Test,0,91.80121641144177,0.0
CTR_005632,Train,0,91.80121641144177,0.0
CTR_005633,Train,0,91.80121641144177,0.0
CTR_005635,Train,0,91.80121641144177,0.0
CTR_005636,Test,0,91.80121641144177,0.0
CTR_005637,Train,0,91.80121641144177,0.0
CTR_005640,Train,0,91.80121641144177,0.0
CTR_005645,Train,0,91.80121641144177,0.0
CTR_005648,Test,0,91.80121641144177,0.0
CTR_005650,Train,0,91.80121641144177,0.0
CTR_005651,Train,0,91.80121641144177,0.0
CTR_005652,Train,1,91.80121641144177,3743.08
CTR_005656,Train,0,91.80121641144177,0.0
CTR_005657,Train,0,91.80121641144177,0.0
CTR_005664,Train,0,91.80121641144177,0.0
CTR_005668,Test,0,91.80121641144177,0.0
CTR_005671,Train,0,91.80121641144177,0.0
CTR_005674,Test,0,91.80121641144177,0.0
CTR_005680,Train,0,91.80121641144177,0.0
CTR_005688,Train,0,91.80121641144177,0.0
CTR_005690,Train,0,91.80121641144177,0.0
CTR_005691,Train,0,91.80121641144177,0.0
CTR_005693,Train,0,91.80121641144177,0.0
CTR_005697,Test,0,91.80121641144177,0.0
CTR_005699,Train,0,91.80121641144177,0.0
CTR_005709,Train,0,91.80121641144177,0.0
CTR_005714,Train,0,91.80121641144177,0.0
CTR_005718,Train,0,91.80121641144177,0.0
CTR_005719,Train,0,91.80121641144177,0.0
CTR_005721,Train,0,91.80121641144177,0.0
CTR_005723,Train,0,91.80121641144177,0.0
CTR_005729,Train,0,91.80121641144177,0.0
CTR_005730,Train,0,91.80121641144177,0.0
CTR_005734,Train,0,91.80121641144177,0.0
CTR_005735,Train,0,91.80121641144177,0.0
CTR_005743,Train,0,91.80121641144177,0.0
CTR_005744,Train,0,91.80121641144177,0.0
CTR_005745,Test,0,91.80121641144177,0.0
CTR_005753,Train,1,91.80121641144177,411.66
CTR_005760,Train,0,91.80121641144177,0.0
CTR_005761,Train,0,91.80121641144177,0.0
CTR_005763,Train,0,91.80121641144177,0.0
CTR_005768,Train,0,91.80121641144177,0.0
CTR_005769,Train,0,91.80121641144177,0.0
CTR_005774,Train,0,91.80121641144177,0.0
CTR_005776,Train,0,91.80121641144177,0.0
CTR_005777,Test,0,91.80121641144177,0.0
CTR_005778,Train,0,91.80121641144177,0.0
CTR_005786,Train,0,91.80121641144177,0.0
CTR_005787,Train,0,91.80121641144177,0.0
CTR_005788,Train,0,91.80121641144177,0.0
CTR_005789,Test,0,91.80121641144177,0.0
CTR_005791,Test,0,91.80121641144177,0.0
CTR_005793,Train,0,91.80121641144177,0.0
CTR_005796,Test,0,91.80121641144177,0.0
CTR_005799,Test,0,91.80121641144177,0.0
CTR_005803,Test,0,91.80121641144177,0.0
CTR_005809,Test,0,91.80121641144177,0.0
CTR_005813,Train,0,91.80121641144177,0.0
CTR_005817,Train,0,91.80121641144177,0.0
CTR_005819,Train,0,91.80121641144177,0.0
CTR_005823,Train,0,91.80121641144177,0.0
CTR_005824,Train,0,91.80121641144177,0.0
CTR_005825,Train,0,91.80121641144177,0.0
CTR_005828,Train,0,91.80121641144177,0.0
CTR_005834,Train,0,91.80121641144177,0.0
CTR_005835,Train,0,91.80121641144177,0.0
CTR_005841,Train,0,91.80121641144177,0.0
CTR_005842,Train,0,91.80121641144177,0.0
CTR_005844,Test,0,91.80121641144177,0.0
CTR_005845,Test,0,91.80121641144177,0.0
CTR_005855,Train,0,91.80121641144177,0.0
CTR_005856,Train,0,91.80121641144177,0.0
CTR_005859,Train,0,91.80121641144177,0.0
CTR_005860,Train,0,91.80121641144177,0.0
CTR_005861,Train,0,91.80121641144177,0.0
CTR_005863,Train,0,91.80121641144177,0.0
CTR_005865,Train,0,91.80121641144177,0.0
CTR_005869,Train,0,91.80121641144177,0.0
CTR_005870,Train,0,91.80121641144177,0.0
CTR_005873,Train,0,91.80121641144177,0.0
CTR_005876,Train,0,91.80121641144177,0.0
CTR_005881,Test,0,91.80121641144177,0.0
CTR_005883,Train,0,91.80121641144177,0.0
CTR_005896,Test,0,91.80121641144177,0.0
CTR_005898,Test,0,91.80121641144177,0.0
CTR_005900,Train,0,91.80121641144177,0.0
CTR_005902,Train,0,91.80121641144177,0.0
CTR_005911,Train,0,91.80121641144177,0.0
CTR_005914,Test,0,91.80121641144177,0.0
CTR_005915,Train,0,91.80121641144177,0.0
CTR_005916,Train,0,91.80121641144177,0.0
CTR_005918,Train,0,91.80121641144177,0.0
CTR_005923,Train,0,91.80121641144177,0.0
CTR_005927,Train,0,91.80121641144177,0.0
CTR_005941,Train,1,91.80121641144177,301.41
CTR_005950,Train,0,91.80121641144177,0.0
CTR_005952,Train,0,91.80121641144177,0.0
CTR_005954,Test,0,91.80121641144177,0.0
CTR_005956,Train,0,91.80121641144177,0.0
CTR_005963,Test,0,91.80121641144177,0.0
CTR_005974,Test,0,91.80121641144177,0.0
CTR_005979,Test,0,91.80121641144177,0.0
CTR_005982,Train,0,91.80121641144177,0.0
CTR_005987,Test,0,91.80121641144177,0.0
CTR_005988,Test,0,91.80121641144177,0.0
CTR_005989,Train,0,91.80121641144177,0.0
CTR_005990,Test,0,91.80121641144177,0.0
CTR_005993,Test,0,91.80121641144177,0.0
CTR_005995,Test,0,91.80121641144177,0.0
CTR_006004,Train,0,91.80121641144177,0.0
CTR_006007,Train,0,91.80121641144177,0.0
CTR_006008,Train,0,91.80121641144177,0.0
CTR_006012,Train,0,91.80121641144177,0.0
CTR_006013,Train,0,91.80121641144177,0.0
CTR_006015,Test,0,91.80121641144177,0.0
CTR_006018,Train,0,91.80121641144177,0.0
CTR_006022,Test,0,91.80121641144177,0.0
CTR_006024,Test,0,91.80121641144177,0.0
CTR_006025,Train,0,91.80121641144177,0.0
CTR_006027,Train,1,91.80121641144177,848.0
CTR_006029,Train,0,91.80121641144177,0.0
CTR_006030,Test,0,91.80121641144177,0.0
CTR_006033,Train,0,91.80121641144177,0.0
CTR_006035,Train,0,91.80121641144177,0.0
CTR_006036,Train,0,91.80121641144177,0.0
CTR_006038,Train,0,91.80121641144177,0.0
CTR_006040,Test,0,91.80121641144177,0.0
CTR_006045,Test,0,91.80121641144177,0.0
CTR_006050,Train,0,91.80121641144177,0.0
CTR_006053,Test,0,91.80121641144177,0.0
CTR_006056,Train,0,91.80121641144177,0.0
CTR_006071,Train,0,91.80121641144177,0.0
CTR_006074,Train,0,91.80121641144177,0.0
CTR_006075,Train,0,91.80121641144177,0.0
CTR_006078,Train,0,91.80121641144177,0.0
CTR_006085,Train,0,91.80121641144177,0.0
CTR_006086,Train,0,91.80121641144177,0.0
CTR_006091,Test,0,91.80121641144177,0.0
CTR_006092,Train,0,91.80121641144177,0.0
CTR_006094,Train,0,91.80121641144177,0.0
CTR_006098,Train,0,91.80121641144177,0.0
CTR_006103,Train,0,91.80121641144177,0.0
CTR_006105,Train,0,91.80121641144177,0.0
CTR_006106,Train,0,91.80121641144177,0.0
CTR_006107,Test,0,91.80121641144177,0.0
CTR_006108,Train,0,91.80121641144177,0.0
CTR_006113,Train,0,91.80121641144177,0.0
CTR_006115,Train,0,91.80121641144177,0.0
CTR_006117,Train,0,91.80121641144177,0.0
CTR_006118,Train,0,91.80121641144177,0.0
CTR_006120,Train,0,91.80121641144177,0.0
CTR_006121,Train,0,91.80121641144177,0.0
CTR_006124,Train,0,91.80121641144177,0.0
CTR_006126,Train,0,91.80121641144177,0.0
CTR_006129,Train,0,91.80121641144177,0.0
CTR_006130,Test,0,91.80121641144177,0.0
CTR_006132,Test,0,91.80121641144177,0.0
CTR_006136,Train,0,91.80121641144177,0.0
CTR_006139,Train,0,91.80121641144177,0.0
CTR_006140,Train,0,91.80121641144177,0.0
CTR_006148,Train,0,91.80121641144177,0.0
CTR_006151,Train,0,91.80121641144177,0.0
CTR_006152,Train,0,91.80121641144177,0.0
CTR_006161,Train,0,91.80121641144177,0.0
CTR_006165,Train,0,91.80121641144177,0.0
CTR_006167,Train,0,91.80121641144177,0.0
CTR_006168,Train,0,91.80121641144177,0.0
CTR_006173,Train,0,91.80121641144177,0.0
CTR_006174,Train,0,91.80121641144177,0.0
CTR_006180,Train,0,91.80121641144177,0.0
CTR_006184,Train,0,91.80121641144177,0.0
CTR_006190,Train,0,91.80121641144177,0.0
CTR_006199,Train,0,91.80121641144177,0.0
CTR_006205,Train,0,91.80121641144177,0.0
CTR_006207,Train,0,91.80121641144177,0.0
CTR_006219,Train,0,91.80121641144177,0.0
CTR_006222,Train,0,91.80121641144177,0.0
CTR_006228,Train,0,91.80121641144177,0.0
CTR_006230,Train,0,91.80121641144177,0.0
CTR_006234,Test,0,91.80121641144177,0.0
CTR_006237,Test,0,91.80121641144177,0.0
CTR_006241,Test,0,91.80121641144177,0.0
CTR_006242,Train,0,91.80121641144177,0.0
CTR_006255,Train,0,91.80121641144177,0.0
CTR_006256,Train,0,91.80121641144177,0.0
CTR_006257,Train,0,91.80121641144177,0.0
CTR_006261,Train,0,91.80121641144177,0.0
CTR_006262,Train,0,91.80121641144177,0.0
CTR_006263,Train,0,91.80121641144177,0.0
CTR_006266,Train,0,91.80121641144177,0.0
CTR_006270,Test,0,91.80121641144177,0.0
CTR_006272,Train,0,91.80121641144177,0.0
CTR_006279,Train,0,91.80121641144177,0.0
CTR_006281,Train,0,91.80121641144177,0.0
CTR_006283,Train,0,91.80121641144177,0.0
CTR_006285,Test,0,91.80121641144177,0.0
CTR_006286,Train,0,91.80121641144177,0.0
CTR_006289,Train,0,91.80121641144177,0.0
CTR_006296,Train,0,91.80121641144177,0.0
CTR_006302,Train,0,91.80121641144177,0.0
CTR_006303,Train,1,91.80121641144177,272.0
CTR_006306,Train,0,91.80121641144177,0.0
CTR_006307,Train,0,91.80121641144177,0.0
CTR_006309,Train,0,91.80121641144177,0.0
CTR_006314,Test,0,91.80121641144177,0.0
CTR_006316,Test,0,91.80121641144177,0.0
CTR_006317,Train,0,91.80121641144177,0.0
CTR_006318,Train,0,91.80121641144177,0.0
CTR_006319,Test,0,91.80121641144177,0.0
CTR_006321,Train,0,91.80121641144177,0.0
CTR_006327,Test,0,91.80121641144177,0.0
CTR_006330,Train,0,91.80121641144177,0.0
CTR_006332,Train,0,91.80121641144177,0.0
CTR_006333,Train,0,91.80121641144177,0.0
CTR_006339,Train,0,91.80121641144177,0.0
CTR_006340,Train,0,91.80121641144177,0.0
CTR_006345,Train,0,91.80121641144177,0.0
CTR_006358,Test,0,91.80121641144177,0.0
CTR_006360,Train,0,91.80121641144177,0.0
CTR_006362,Train,0,91.80121641144177,0.0
CTR_006366,Train,0,91.80121641144177,0.0
CTR_006369,Train,0,91.80121641144177,0.0
CTR_006371,Test,0,91.80121641144177,0.0
CTR_006376,Train,0,91.80121641144177,0.0
CTR_006380,Train,0,91.80121641144177,0.0
CTR_006384,Test,0,91.80121641144177,0.0
CTR_006386,Train,0,91.80121641144177,0.0
CTR_006388,Train,0,91.80121641144177,0.0
CTR_006403,Train,0,91.80121641144177,0.0
CTR_006405,Test,0,91.80121641144177,0.0
CTR_006410,Train,0,91.80121641144177,0.0
CTR_006417,Train,0,91.80121641144177,0.0
CTR_006418,Train,0,91.80121641144177,0.0
CTR_006420,Test,0,91.80121641144177,0.0
CTR_006428,Train,0,91.80121641144177,0.0
CTR_006430,Train,0,91.80121641144177,0.0
CTR_006432,Train,0,91.80121641144177,0.0
CTR_006433,Train,0,91.80121641144177,0.0
CTR_006434,Train,0,91.80121641144177,0.0
CTR_006446,Test,0,91.80121641144177,0.0
CTR_006447,Train,0,91.80121641144177,0.0
CTR_006448,Train,0,91.80121641144177,0.0
CTR_006451,Test,0,91.80121641144177,0.0
CTR_006459,Train,1,91.80121641144177,455.18
CTR_006463,Train,0,91.80121641144177,0.0
CTR_006464,Test,0,91.80121641144177,0.0
CTR_006468,Train,0,91.80121641144177,0.0
CTR_006472,Test,0,91.80121641144177,0.0
CTR_006476,Test,0,91.80121641144177,0.0
CTR_006487,Train,0,91.80121641144177,0.0
CTR_006492,Train,0,91.80121641144177,0.0
CTR_006493,Test,0,91.80121641144177,0.0
CTR_006498,Train,0,91.80121641144177,0.0
CTR_006500,Train,0,91.80121641144177,0.0
CTR_006501,Train,0,91.80121641144177,0.0
CTR_006502,Train,0,91.80121641144177,0.0
CTR_006503,Train,0,91.80121641144177,0.0
CTR_006510,Train,0,91.80121641144177,0.0
CTR_006511,Train,0,91.80121641144177,0.0
CTR_006514,Train,0,91.80121641144177,0.0
CTR_006515,Train,0,91.80121641144177,0.0
CTR_006518,Train,0,91.80121641144177,0.0
CTR_006522,Test,0,91.80121641144177,0.0
CTR_006526,Train,0,91.80121641144177,0.0
CTR_006528,Train,0,91.80121641144177,0.0
CTR_006530,Test,0,91.80121641144177,0.0
CTR_006531,Train,0,91.80121641144177,0.0
CTR_006534,Test,0,91.80121641144177,0.0
CTR_006535,Train,0,91.80121641144177,0.0
CTR_006539,Train,0,91.80121641144177,0.0
CTR_006541,Train,0,91.80121641144177,0.0
CTR_006547,Train,0,91.80121641144177,0.0
CTR_006548,Train,0,91.80121641144177,0.0
CTR_006555,Train,0,91.80121641144177,0.0
CTR_006557,Train,0,91.80121641144177,0.0
CTR_006563,Train,0,91.80121641144177,0.0
CTR_006567,Test,0,91.80121641144177,0.0
CTR_006569,Test,0,91.80121641144177,0.0
CTR_006571,Train,0,91.80121641144177,0.0
CTR_006572,Train,0,91.80121641144177,0.0
CTR_006577,Test,0,91.80121641144177,0.0
CTR_006578,Train,0,91.80121641144177,0.0
CTR_006587,Train,0,91.80121641144177,0.0
CTR_006594,Train,0,91.80121641144177,0.0
CTR_006602,Train,0,91.80121641144177,0.0
CTR_006612,Train,0,91.80121641144177,0.0
CTR_006617,Train,0,91.80121641144177,0.0
CTR_006619,Train,0,91.80121641144177,0.0
CTR_006620,Train,0,91.80121641144177,0.0
CTR_006625,Train,0,91.80121641144177,0.0
CTR_006626,Train,0,91.80121641144177,0.0
CTR_006627,Train,0,91.80121641144177,0.0
CTR_006630,Train,0,91.80121641144177,0.0
CTR_006634,Train,0,91.80121641144177,0.0
CTR_006643,Train,0,91.80121641144177,0.0
CTR_006644,Train,0,91.80121641144177,0.0
CTR_006649,Train,0,91.80121641144177,0.0
CTR_006650,Train,0,91.80121641144177,0.0
CTR_006653,Train,0,91.80121641144177,0.0
CTR_006666,Train,0,91.80121641144177,0.0
CTR_006670,Train,0,91.80121641144177,0.0
CTR_006671,Train,0,91.80121641144177,0.0
CTR_006673,Train,0,91.80121641144177,0.0
CTR_006677,Train,0,91.80121641144177,0.0
CTR_006681,Train,0,91.80121641144177,0.0
CTR_006683,Test,0,91.80121641144177,0.0
CTR_006695,Train,0,91.80121641144177,0.0
CTR_006706,Train,0,91.80121641144177,0.0
CTR_006715,Test,0,91.80121641144177,0.0
CTR_006719,Train,0,91.80121641144177,0.0
CTR_006736,Train,0,91.80121641144177,0.0
CTR_006738,Train,0,91.80121641144177,0.0
CTR_006744,Train,0,91.80121641144177,0.0
CTR_006746,Train,0,91.80121641144177,0.0
CTR_006759,Test,0,91.80121641144177,0.0
CTR_006760,Train,0,91.80121641144177,0.0
CTR_006761,Test,0,91.80121641144177,0.0
CTR_006767,Train,0,91.80121641144177,0.0
CTR_006768,Train,0,91.80121641144177,0.0
CTR_006770,Test,0,91.80121641144177,0.0
CTR_006771,Train,0,91.80121641144177,0.0
CTR_006776,Train,0,91.80121641144177,0.0
CTR_006778,Train,0,91.80121641144177,0.0
CTR_006779,Test,0,91.80121641144177,0.0
CTR_006781,Train,0,91.80121641144177,0.0
CTR_006783,Train,0,91.80121641144177,0.0
CTR_006786,Train,0,91.80121641144177,0.0
CTR_006787,Test,0,91.80121641144177,0.0
CTR_006788,Train,0,91.80121641144177,0.0
CTR_006790,Train,0,91.80121641144177,0.0
CTR_006793,Test,0,91.80121641144177,0.0
CTR_006795,Train,0,91.80121641144177,0.0
CTR_006823,Train,0,91.80121641144177,0.0
CTR_006831,Train,0,91.80121641144177,0.0
CTR_006832,Train,0,91.80121641144177,0.0
CTR_006833,Train,0,91.80121641144177,0.0
CTR_006834,Train,0,91.80121641144177,0.0
CTR_006842,Train,0,91.80121641144177,0.0
CTR_006844,Train,0,91.80121641144177,0.0
CTR_006846,Train,0,91.80121641144177,0.0
CTR_006847,Train,0,91.80121641144177,0.0
CTR_006849,Train,0,91.80121641144177,0.0
CTR_006852,Train,0,91.80121641144177,0.0
CTR_006855,Test,0,91.80121641144177,0.0
CTR_006860,Train,0,91.80121641144177,0.0
CTR_006871,Train,0,91.80121641144177,0.0
CTR_006882,Train,0,91.80121641144177,0.0
CTR_006885,Train,0,91.80121641144177,0.0
CTR_006889,Train,0,91.80121641144177,0.0
CTR_006891,Train,0,91.80121641144177,0.0
CTR_006896,Train,1,91.80121641144177,10986.35
CTR_006902,Train,0,91.80121641144177,0.0
CTR_006903,Train,0,91.80121641144177,0.0
CTR_006906,Train,0,91.80121641144177,0.0
CTR_006907,Train,0,91.80121641144177,0.0
CTR_006908,Test,0,91.80121641144177,0.0
CTR_006912,Test,0,91.80121641144177,0.0
CTR_006922,Train,0,91.80121641144177,0.0
CTR_006923,Train,0,91.80121641144177,0.0
CTR_006927,Train,0,91.80121641144177,0.0
CTR_006928,Train,0,91.80121641144177,0.0
CTR_006931,Train,0,91.80121641144177,0.0
CTR_006938,Train,0,91.80121641144177,0.0
CTR_006940,Train,0,91.80121641144177,0.0
CTR_006941,Train,0,91.80121641144177,0.0
CTR_006944,Train,1,91.80121641144177,19016.75
CTR_006946,Train,0,91.80121641144177,0.0
CTR_006947,Train,0,91.80121641144177,0.0
CTR_006950,Train,0,91.80121641144177,0.0
CTR_006961,Train,0,91.80121641144177,0.0
CTR_006964,Test,0,91.80121641144177,0.0
CTR_006965,Train,1,91.80121641144177,1976.46
CTR_006970,Train,0,91.80121641144177,0.0
CTR_006974,Test,0,91.80121641144177,0.0
CTR_006978,Train,0,91.80121641144177,0.0
CTR_006982,Train,0,91.80121641144177,0.0
CTR_006987,Train,0,91.80121641144177,0.0
CTR_006990,Train,0,91.80121641144177,0.0
CTR_007004,Train,0,91.80121641144177,0.0
CTR_007010,Train,1,91.80121641144177,341.84
CTR_007015,Train,0,91.80121641144177,0.0
CTR_007016,Train,0,91.80121641144177,0.0
CTR_007017,Train,0,91.80121641144177,0.0
CTR_007024,Test,0,91.80121641144177,0.0
CTR_007025,Train,0,91.80121641144177,0.0
CTR_007033,Train,0,91.80121641144177,0.0
CTR_007034,Test,0,91.80121641144177,0.0
CTR_007036,Test,0,91.80121641144177,0.0
CTR_007037,Train,0,91.80121641144177,0.0
CTR_007040,Train,0,91.80121641144177,0.0
CTR_007041,Train,0,91.80121641144177,0.0
CTR_007045,Train,1,91.80121641144177,7341.55
CTR_007046,Train,0,91.80121641144177,0.0
CTR_007047,Train,0,91.80121641144177,0.0
CTR_007054,Train,0,91.80121641144177,0.0
CTR_007055,Train,0,91.80121641144177,0.0
CTR_007056,Train,0,91.80121641144177,0.0
CTR_007063,Train,0,91.80121641144177,0.0
CTR_007065,Test,0,91.80121641144177,0.0
CTR_007076,Train,1,91.80121641144177,13896.38
CTR_007078,Train,0,91.80121641144177,0.0
CTR_007079,Train,0,91.80121641144177,0.0
CTR_007089,Train,0,91.80121641144177,0.0
CTR_007094,Train,0,91.80121641144177,0.0
CTR_007097,Test,0,91.80121641144177,0.0
CTR_007098,Train,0,91.80121641144177,0.0
CTR_007102,Train,0,91.80121641144177,0.0
CTR_007106,Train,0,91.80121641144177,0.0
CTR_007108,Train,0,91.80121641144177,0.0
CTR_007109,Train,0,91.80121641144177,0.0
CTR_007117,Train,0,91.80121641144177,0.0
CTR_007118,Test,0,91.80121641144177,0.0
CTR_007124,Test,0,91.80121641144177,0.0
CTR_007126,Train,1,91.80121641144177,2562.73
CTR_007131,Train,0,91.80121641144177,0.0
CTR_007132,Train,0,91.80121641144177,0.0
CTR_007139,Train,1,91.80121641144177,1632.59
CTR_007141,Train,0,91.80121641144177,0.0
CTR_007147,Test,0,91.80121641144177,0.0
CTR_007148,Train,0,91.80121641144177,0.0
CTR_007150,Train,0,91.80121641144177,0.0
CTR_007160,Train,0,91.80121641144177,0.0
CTR_007161,Train,0,91.80121641144177,0.0
CTR_007169,Train,0,91.80121641144177,0.0
CTR_007170,Train,0,91.80121641144177,0.0
CTR_007174,Train,0,91.80121641144177,0.0
CTR_007175,Train,0,91.80121641144177,0.0
CTR_007176,Train,0,91.80121641144177,0.0
CTR_007179,Test,0,91.80121641144177,0.0
CTR_007181,Train,0,91.80121641144177,0.0
CTR_007189,Test,0,91.80121641144177,0.0
CTR_007194,Train,0,91.80121641144177,0.0
CTR_007196,Test,0,91.80121641144177,0.0
CTR_007197,Train,0,91.80121641144177,0.0
CTR_007198,Train,0,91.80121641144177,0.0
CTR_007205,Train,0,91.80121641144177,0.0
CTR_007220,Train,0,91.80121641144177,0.0
CTR_007221,Train,0,91.80121641144177,0.0
CTR_007222,Test,0,91.80121641144177,0.0
CTR_007226,Train,0,91.80121641144177,0.0
CTR_007228,Train,0,91.80121641144177,0.0
CTR_007234,Train,0,91.80121641144177,0.0
CTR_007239,Train,0,91.80121641144177,0.0
CTR_007243,Train,0,91.80121641144177,0.0
CTR_007245,Train,0,91.80121641144177,0.0
CTR_007247,Train,0,91.80121641144177,0.0
CTR_007249,Train,0,91.80121641144177,0.0
CTR_007257,Train,0,91.80121641144177,0.0
CTR_007259,Train,0,91.80121641144177,0.0
CTR_007260,Train,0,91.80121641144177,0.0
CTR_007262,Train,0,91.80121641144177,0.0
CTR_007265,Train,1,91.80121641144177,4770.76
CTR_007266,Train,0,91.80121641144177,0.0
CTR_007270,Train,0,91.80121641144177,0.0
CTR_007279,Train,0,91.80121641144177,0.0
CTR_007283,Train,0,91.80121641144177,0.0
CTR_007284,Train,0,91.80121641144177,0.0
CTR_007285,Train,0,91.80121641144177,0.0
CTR_007286,Train,0,91.80121641144177,0.0
CTR_007287,Train,0,91.80121641144177,0.0
CTR_007289,Test,0,91.80121641144177,0.0
CTR_007293,Train,0,91.80121641144177,0.0
CTR_007294,Train,0,91.80121641144177,0.0
CTR_007297,Train,0,91.80121641144177,0.0
CTR_007300,Train,0,91.80121641144177,0.0
CTR_007301,Train,0,91.80121641144177,0.0
CTR_007304,Train,0,91.80121641144177,0.0
CTR_007309,Train,0,91.80121641144177,0.0
CTR_007314,Train,0,91.80121641144177,0.0
CTR_007319,Test,0,91.80121641144177,0.0
CTR_007322,Train,0,91.80121641144177,0.0
CTR_007324,Test,0,91.80121641144177,0.0
CTR_007326,Train,0,91.80121641144177,0.0
CTR_007338,Train,0,91.80121641144177,0.0
CTR_007342,Train,1,91.80121641144177,243.01
CTR_007343,Test,0,91.80121641144177,0.0
CTR_007344,Test,1,91.80121641144177,2683.66
CTR_007345,Train,0,91.80121641144177,0.0
CTR_007348,Train,0,91.80121641144177,0.0
CTR_007349,Train,0,91.80121641144177,0.0
CTR_007351,Train,1,91.80121641144177,545.72
CTR_007356,Train,0,91.80121641144177,0.0
CTR_007359,Train,0,91.80121641144177,0.0
CTR_007360,Test,0,91.80121641144177,0.0
CTR_007365,Train,0,91.80121641144177,0.0
CTR_007366,Test,0,91.80121641144177,0.0
CTR_007369,Train,0,91.80121641144177,0.0
CTR_007372,Train,0,91.80121641144177,0.0
CTR_007374,Train,0,91.80121641144177,0.0
CTR_007376,Train,0,91.80121641144177,0.0
CTR_007377,Train,0,91.80121641144177,0.0
CTR_007378,Train,0,91.80121641144177,0.0
CTR_007379,Test,0,91.80121641144177,0.0
CTR_007381,Train,0,91.80121641144177,0.0
CTR_007382,Train,0,91.80121641144177,0.0
CTR_007383,Train,0,91.80121641144177,0.0
CTR_007391,Train,0,91.80121641144177,0.0
CTR_007393,Test,0,91.80121641144177,0.0
CTR_007399,Test,0,91.80121641144177,0.0
CTR_007402,Train,0,91.80121641144177,0.0
CTR_007403,Train,0,91.80121641144177,0.0
CTR_007404,Test,1,91.80121641144177,207.95
CTR_007408,Test,0,91.80121641144177,0.0
CTR_007418,Train,0,91.80121641144177,0.0
CTR_007421,Train,0,91.80121641144177,0.0
CTR_007424,Train,0,91.80121641144177,0.0
CTR_007427,Train,0,91.80121641144177,0.0
CTR_007429,Train,1,91.80121641144177,1276.71
CTR_007433,Test,0,91.80121641144177,0.0
CTR_007435,Train,0,91.80121641144177,0.0
CTR_007436,Train,0,91.80121641144177,0.0
CTR_007444,Train,0,91.80121641144177,0.0
CTR_007445,Test,0,91.80121641144177,0.0
CTR_007449,Train,0,91.80121641144177,0.0
CTR_007455,Test,0,91.80121641144177,0.0
CTR_007460,Train,0,91.80121641144177,0.0
CTR_007464,Train,0,91.80121641144177,0.0
CTR_007469,Train,0,91.80121641144177,0.0
CTR_007478,Train,0,91.80121641144177,0.0
CTR_007480,Train,0,91.80121641144177,0.0
CTR_007484,Test,0,91.80121641144177,0.0
CTR_007485,Train,0,91.80121641144177,0.0
CTR_007487,Train,0,91.80121641144177,0.0
CTR_007489,Train,1,91.80121641144177,1763.16
CTR_007490,Test,0,91.80121641144177,0.0
CTR_007491,Train,0,91.80121641144177,0.0
CTR_007495,Train,0,91.80121641144177,0.0
CTR_007497,Train,0,91.80121641144177,0.0
CTR_007499,Train,0,91.80121641144177,0.0
CTR_007511,Train,0,91.80121641144177,0.0
CTR_007512,Train,0,91.80121641144177,0.0
CTR_007513,Train,0,91.80121641144177,0.0
CTR_007515,Train,0,91.80121641144177,0.0
CTR_007518,Test,0,91.80121641144177,0.0
CTR_007519,Train,0,91.80121641144177,0.0
CTR_007521,Train,0,91.80121641144177,0.0
CTR_007523,Train,0,91.80121641144177,0.0
CTR_007525,Train,0,91.80121641144177,0.0
CTR_007526,Train,0,91.80121641144177,0.0
CTR_007538,Train,0,91.80121641144177,0.0
CTR_007541,Test,0,91.80121641144177,0.0
CTR_007542,Train,0,91.80121641144177,0.0
CTR_007543,Train,0,91.80121641144177,0.0
CTR_007545,Train,0,91.80121641144177,0.0
CTR_007546,Test,0,91.80121641144177,0.0
CTR_007548,Train,0,91.80121641144177,0.0
CTR_007551,Train,0,91.80121641144177,0.0
CTR_007552,Train,0,91.80121641144177,0.0
CTR_007553,Test,0,91.80121641144177,0.0
CTR_007555,Train,0,91.80121641144177,0.0
CTR_007559,Train,0,91.80121641144177,0.0
CTR_007576,Train,0,91.80121641144177,0.0
CTR_007577,Train,0,91.80121641144177,0.0
CTR_007579,Train,0,91.80121641144177,0.0
CTR_007581,Train,0,91.80121641144177,0.0
CTR_007582,Train,0,91.80121641144177,0.0
CTR_007584,Train,0,91.80121641144177,0.0
CTR_007590,Train,0,91.80121641144177,0.0
CTR_007596,Train,0,91.80121641144177,0.0
CTR_007600,Train,0,91.80121641144177,0.0
CTR_007603,Train,0,91.80121641144177,0.0
CTR_007609,Train,0,91.80121641144177,0.0
CTR_007615,Train,0,91.80121641144177,0.0
CTR_007618,Train,0,91.80121641144177,0.0
CTR_007619,Train,0,91.80121641144177,0.0
CTR_007622,Train,0,91.80121641144177,0.0
CTR_007623,Train,0,91.80121641144177,0.0
CTR_007627,Train,0,91.80121641144177,0.0
CTR_007631,Train,0,91.80121641144177,0.0
CTR_007635,Train,0,91.80121641144177,0.0
CTR_007636,Train,0,91.80121641144177,0.0
CTR_007638,Train,0,91.80121641144177,0.0
CTR_007644,Train,0,91.80121641144177,0.0
CTR_007652,Train,0,91.80121641144177,0.0
CTR_007654,Train,0,91.80121641144177,0.0
CTR_007659,Train,0,91.80121641144177,0.0
CTR_007666,Train,0,91.80121641144177,0.0
CTR_007671,Train,0,91.80121641144177,0.0
CTR_007673,Train,0,91.80121641144177,0.0
CTR_007681,Train,0,91.80121641144177,0.0
CTR_007684,Test,0,91.80121641144177,0.0
CTR_007686,Train,0,91.80121641144177,0.0
CTR_007688,Test,0,91.80121641144177,0.0
CTR_007689,Train,0,91.80121641144177,0.0
CTR_007694,Train,0,91.80121641144177,0.0
CTR_007695,Test,0,91.80121641144177,0.0
CTR_007696,Train,0,91.80121641144177,0.0
CTR_007697,Train,0,91.80121641144177,0.0
CTR_007698,Train,0,91.80121641144177,0.0
CTR_007705,Train,0,91.80121641144177,0.0
CTR_007712,Train,0,91.80121641144177,0.0
CTR_007717,Test,0,91.80121641144177,0.0
CTR_007720,Train,0,91.80121641144177,0.0
CTR_007725,Train,0,91.80121641144177,0.0
CTR_007727,Train,0,91.80121641144177,0.0
CTR_007728,Test,0,91.80121641144177,0.0
CTR_007730,Train,0,91.80121641144177,0.0
CTR_007735,Train,0,91.80121641144177,0.0
CTR_007736,Train,0,91.80121641144177,0.0
CTR_007738,Test,0,91.80121641144177,0.0
CTR_007740,Train,0,91.80121641144177,0.0
CTR_007742,Train,0,91.80121641144177,0.0
CTR_007743,Train,0,91.80121641144177,0.0
CTR_007751,Train,0,91.80121641144177,0.0
CTR_007755,Train,0,91.80121641144177,0.0
CTR_007756,Train,0,91.80121641144177,0.0
CTR_007759,Train,0,91.80121641144177,0.0
CTR_007764,Train,0,91.80121641144177,0.0
CTR_007772,Train,0,91.80121641144177,0.0
CTR_007773,Train,0,91.80121641144177,0.0
CTR_007775,Train,0,91.80121641144177,0.0
CTR_007779,Train,0,91.80121641144177,0.0
CTR_007783,Train,0,91.80121641144177,0.0
CTR_007788,Train,0,91.80121641144177,0.0
CTR_007793,Train,0,91.80121641144177,0.0
CTR_007801,Train,0,91.80121641144177,0.0
CTR_007803,Train,0,91.80121641144177,0.0
CTR_007805,Train,0,91.80121641144177,0.0
CTR_007812,Train,0,91.80121641144177,0.0
CTR_007813,Train,0,91.80121641144177,0.0
CTR_007818,Train,0,91.80121641144177,0.0
CTR_007822,Train,0,91.80121641144177,0.0
CTR_007824,Train,0,91.80121641144177,0.0
CTR_007827,Train,0,91.80121641144177,0.0
CTR_007828,Train,0,91.80121641144177,0.0
CTR_007830,Train,0,91.80121641144177,0.0
CTR_007834,Train,0,91.80121641144177,0.0
CTR_007837,Train,0,91.80121641144177,0.0
CTR_007842,Train,0,91.80121641144177,0.0
CTR_007844,Train,0,91.80121641144177,0.0
CTR_007854,Test,0,91.80121641144177,0.0
CTR_007856,Train,0,91.80121641144177,0.0
CTR_007860,Test,0,91.80121641144177,0.0
CTR_007862,Train,0,91.80121641144177,0.0
CTR_007863,Train,0,91.80121641144177,0.0
CTR_007864,Train,0,91.80121641144177,0.0
CTR_007872,Test,0,91.80121641144177,0.0
CTR_007873,Test,0,91.80121641144177,0.0
CTR_007874,Test,0,91.80121641144177,0.0
CTR_007875,Test,0,91.80121641144177,0.0
CTR_007876,Train,0,91.80121641144177,0.0
CTR_007877,Train,0,91.80121641144177,0.0
CTR_007882,Train,0,91.80121641144177,0.0
CTR_007884,Train,0,91.80121641144177,0.0
CTR_007887,Test,0,91.80121641144177,0.0
CTR_007890,Train,0,91.80121641144177,0.0
CTR_007891,Test,0,91.80121641144177,0.0
CTR_007892,Train,0,91.80121641144177,0.0
CTR_007903,Train,0,91.80121641144177,0.0
CTR_007907,Train,0,91.80121641144177,0.0
CTR_007908,Train,0,91.80121641144177,0.0
CTR_007910,Train,0,91.80121641144177,0.0
CTR_007916,Train,0,91.80121641144177,0.0
CTR_007929,Test,0,91.80121641144177,0.0
CTR_007930,Train,0,91.80121641144177,0.0
CTR_007938,Train,0,91.80121641144177,0.0
CTR_007939,Test,1,91.80121641144177,19056.12
CTR_007940,Test,1,91.80121641144177,14608.34
CTR_007941,Test,0,91.80121641144177,0.0
CTR_007945,Train,0,91.80121641144177,0.0
CTR_007948,Train,0,91.80121641144177,0.0
CTR_007959,Test,0,91.80121641144177,0.0
CTR_007961,Train,0,91.80121641144177,0.0
CTR_007964,Train,0,91.80121641144177,0.0
CTR_007965,Train,0,91.80121641144177,0.0
CTR_007969,Test,0,91.80121641144177,0.0
CTR_007972,Train,0,91.80121641144177,0.0
CTR_007973,Train,0,91.80121641144177,0.0
CTR_007974,Train,0,91.80121641144177,0.0
CTR_007984,Train,0,91.80121641144177,0.0
CTR_007989,Train,0,91.80121641144177,0.0
CTR_007992,Train,0,91.80121641144177,0.0
CTR_008000,Train,0,91.80121641144177,0.0
CTR_008001,Train,0,91.80121641144177,0.0
CTR_008006,Train,0,91.80121641144177,0.0
CTR_008009,Train,0,91.80121641144177,0.0
CTR_008022,Train,0,91.80121641144177,0.0
CTR_008029,Train,0,91.80121641144177,0.0
CTR_008035,Test,0,91.80121641144177,0.0
CTR_008036,Train,1,91.80121641144177,501.74
CTR_008038,Train,0,91.80121641144177,0.0
CTR_008042,Test,0,91.80121641144177,0.0
CTR_008049,Train,1,91.80121641144177,1927.12
CTR_008050,Train,0,91.80121641144177,0.0
CTR_008058,Train,0,91.80121641144177,0.0
CTR_008060,Train,0,91.80121641144177,0.0
CTR_008062,Train,0,91.80121641144177,0.0
CTR_008066,Train,0,91.80121641144177,0.0
CTR_008067,Train,0,91.80121641144177,0.0
CTR_008069,Train,0,91.80121641144177,0.0
CTR_008074,Train,0,91.80121641144177,0.0
CTR_008076,Train,0,91.80121641144177,0.0
CTR_008077,Train,0,91.80121641144177,0.0
CTR_008080,Train,0,91.80121641144177,0.0
CTR_008088,Train,0,91.80121641144177,0.0
CTR_008090,Train,0,91.80121641144177,0.0
CTR_008092,Train,0,91.80121641144177,0.0
CTR_008099,Train,0,91.80121641144177,0.0
CTR_008104,Test,0,91.80121641144177,0.0
CTR_008111,Train,0,91.80121641144177,0.0
CTR_008115,Train,0,91.80121641144177,0.0
CTR_008119,Train,0,91.80121641144177,0.0
CTR_008125,Train,0,91.80121641144177,0.0
CTR_008130,Train,0,91.80121641144177,0.0
CTR_008132,Train,0,91.80121641144177,0.0
CTR_008134,Train,0,91.80121641144177,0.0
CTR_008136,Train,0,91.80121641144177,0.0
CTR_008144,Test,0,91.80121641144177,0.0
CTR_008147,Test,0,91.80121641144177,0.0
CTR_008149,Train,0,91.80121641144177,0.0
CTR_008170,Test,0,91.80121641144177,0.0
CTR_008175,Train,0,91.80121641144177,0.0
CTR_008177,Train,0,91.80121641144177,0.0
CTR_008180,Train,0,91.80121641144177,0.0
CTR_008188,Train,0,91.80121641144177,0.0
CTR_008192,Train,0,91.80121641144177,0.0
CTR_008196,Train,0,91.80121641144177,0.0
CTR_008198,Train,0,91.80121641144177,0.0
CTR_008203,Train,0,91.80121641144177,0.0
CTR_008205,Train,0,91.80121641144177,0.0
CTR_008206,Test,0,91.80121641144177,0.0
CTR_008213,Test,0,91.80121641144177,0.0
CTR_008214,Train,0,91.80121641144177,0.0
CTR_008216,Train,0,91.80121641144177,0.0
CTR_008217,Train,0,91.80121641144177,0.0
CTR_008223,Train,0,91.80121641144177,0.0
CTR_008234,Train,0,91.80121641144177,0.0
CTR_008237,Train,0,91.80121641144177,0.0
CTR_008249,Train,0,91.80121641144177,0.0
CTR_008250,Train,0,91.80121641144177,0.0
CTR_008251,Train,0,91.80121641144177,0.0
CTR_008252,Train,0,91.80121641144177,0.0
CTR_008253,Train,0,91.80121641144177,0.0
CTR_008258,Train,0,91.80121641144177,0.0
CTR_008261,Train,0,91.80121641144177,0.0
CTR_008262,Train,0,91.80121641144177,0.0
CTR_008274,Train,0,91.80121641144177,0.0
CTR_008275,Test,0,91.80121641144177,0.0
CTR_008282,Train,0,91.80121641144177,0.0
CTR_008283,Train,0,91.80121641144177,0.0
CTR_008284,Train,0,91.80121641144177,0.0
CTR_008288,Train,0,91.80121641144177,0.0
CTR_008291,Train,0,91.80121641144177,0.0
CTR_008294,Test,0,91.80121641144177,0.0
CTR_008296,Train,1,91.80121641144177,2955.07
CTR_008303,Test,0,91.80121641144177,0.0
CTR_008304,Train,0,91.80121641144177,0.0
CTR_008307,Train,0,91.80121641144177,0.0
CTR_008309,Train,0,91.80121641144177,0.0
CTR_008313,Test,0,91.80121641144177,0.0
CTR_008316,Train,0,91.80121641144177,0.0
CTR_008320,Train,0,91.80121641144177,0.0
CTR_008322,Train,0,91.80121641144177,0.0
CTR_008323,Train,0,91.80121641144177,0.0
CTR_008326,Train,0,91.80121641144177,0.0
CTR_008329,Test,0,91.80121641144177,0.0
CTR_008331,Train,0,91.80121641144177,0.0
CTR_008336,Train,0,91.80121641144177,0.0
CTR_008340,Train,0,91.80121641144177,0.0
CTR_008343,Train,0,91.80121641144177,0.0
CTR_008348,Train,0,91.80121641144177,0.0
CTR_008350,Train,0,91.80121641144177,0.0
CTR_008353,Train,0,91.80121641144177,0.0
CTR_008361,Train,0,91.80121641144177,0.0
CTR_008366,Train,0,91.80121641144177,0.0
CTR_008369,Train,0,91.80121641144177,0.0
CTR_008370,Train,0,91.80121641144177,0.0
CTR_008374,Train,0,91.80121641144177,0.0
CTR_008378,Train,0,91.80121641144177,0.0
CTR_008383,Train,0,91.80121641144177,0.0
CTR_008387,Test,0,91.80121641144177,0.0
CTR_008392,Test,0,91.80121641144177,0.0
CTR_008395,Train,0,91.80121641144177,0.0
CTR_008396,Train,1,91.80121641144177,16846.54
CTR_008400,Train,0,91.80121641144177,0.0
CTR_008402,Train,0,91.80121641144177,0.0
CTR_008404,Test,0,91.80121641144177,0.0
CTR_008408,Train,0,91.80121641144177,0.0
CTR_008412,Train,0,91.80121641144177,0.0
CTR_008414,Train,1,91.80121641144177,243.8
CTR_008417,Train,0,91.80121641144177,0.0
CTR_008420,Train,0,91.80121641144177,0.0
CTR_008422,Train,0,91.80121641144177,0.0
CTR_008424,Train,0,91.80121641144177,0.0
CTR_008426,Train,0,91.80121641144177,0.0
CTR_008430,Train,0,91.80121641144177,0.0
CTR_008435,Train,0,91.80121641144177,0.0
CTR_008438,Train,0,91.80121641144177,0.0
CTR_008441,Train,0,91.80121641144177,0.0
CTR_008442,Train,0,91.80121641144177,0.0
CTR_008446,Train,0,91.80121641144177,0.0
CTR_008447,Train,0,91.80121641144177,0.0
CTR_008449,Train,0,91.80121641144177,0.0
CTR_008451,Train,0,91.80121641144177,0.0
CTR_008452,Train,0,91.80121641144177,0.0
CTR_008453,Train,0,91.80121641144177,0.0
CTR_008455,Train,0,91.80121641144177,0.0
CTR_008456,Train,0,91.80121641144177,0.0
CTR_008459,Test,0,91.80121641144177,0.0
CTR_008464,Train,0,91.80121641144177,0.0
CTR_008466,Train,0,91.80121641144177,0.0
CTR_008468,Train,0,91.80121641144177,0.0
CTR_008471,Train,0,91.80121641144177,0.0
CTR_008472,Train,0,91.80121641144177,0.0
CTR_008473,Train,0,91.80121641144177,0.0
CTR_008491,Train,0,91.80121641144177,0.0
CTR_008493,Train,0,91.80121641144177,0.0
CTR_008498,Test,0,91.80121641144177,0.0
CTR_008503,Train,0,91.80121641144177,0.0
CTR_008505,Test,0,91.80121641144177,0.0
CTR_008508,Train,0,91.80121641144177,0.0
CTR_008509,Train,0,91.80121641144177,0.0
CTR_008510,Train,0,91.80121641144177,0.0
CTR_008521,Train,0,91.80121641144177,0.0
CTR_008529,Test,0,91.80121641144177,0.0
CTR_008532,Train,0,91.80121641144177,0.0
CTR_008534,Train,0,91.80121641144177,0.0
CTR_008537,Train,0,91.80121641144177,0.0
CTR_008546,Train,0,91.80121641144177,0.0
CTR_008554,Train,0,91.80121641144177,0.0
CTR_008560,Train,0,91.80121641144177,0.0
CTR_008561,Train,0,91.80121641144177,0.0
CTR_008564,Train,0,91.80121641144177,0.0
CTR_008570,Train,0,91.80121641144177,0.0
CTR_008575,Train,0,91.80121641144177,0.0
CTR_008576,Train,0,91.80121641144177,0.0
CTR_008585,Train,0,91.80121641144177,0.0
CTR_008587,Train,0,91.80121641144177,0.0
CTR_008588,Train,0,91.80121641144177,0.0
CTR_008591,Train,0,91.80121641144177,0.0
CTR_008594,Train,0,91.80121641144177,0.0
CTR_008596,Test,0,91.80121641144177,0.0
CTR_008597,Test,0,91.80121641144177,0.0
CTR_008603,Train,0,91.80121641144177,0.0
CTR_008604,Test,0,91.80121641144177,0.0
CTR_008605,Train,0,91.80121641144177,0.0
CTR_008608,Train,0,91.80121641144177,0.0
CTR_008611,Test,0,91.80121641144177,0.0
CTR_008612,Train,0,91.80121641144177,0.0
CTR_008615,Test,0,91.80121641144177,0.0
CTR_008620,Train,0,91.80121641144177,0.0
CTR_008621,Test,0,91.80121641144177,0.0
CTR_008626,Train,0,91.80121641144177,0.0
CTR_008627,Train,0,91.80121641144177,0.0
CTR_008630,Train,0,91.80121641144177,0.0
CTR_008634,Train,0,91.80121641144177,0.0
CTR_008637,Train,0,91.80121641144177,0.0
CTR_008638,Train,0,91.80121641144177,0.0
CTR_008639,Train,0,91.80121641144177,0.0
CTR_008640,Train,0,91.80121641144177,0.0
CTR_008641,Train,0,91.80121641144177,0.0
CTR_008643,Train,0,91.80121641144177,0.0
CTR_008649,Train,0,91.80121641144177,0.0
CTR_008656,Train,0,91.80121641144177,0.0
CTR_008660,Train,0,91.80121641144177,0.0
CTR_008664,Train,0,91.80121641144177,0.0
CTR_008666,Train,0,91.80121641144177,0.0
CTR_008668,Train,0,91.80121641144177,0.0
CTR_008672,Train,0,91.80121641144177,0.0
CTR_008679,Train,0,91.80121641144177,0.0
CTR_008684,Train,0,91.80121641144177,0.0
CTR_008686,Train,0,91.80121641144177,0.0
CTR_008692,Train,0,91.80121641144177,0.0
CTR_008695,Train,0,91.80121641144177,0.0
CTR_008696,Train,0,91.80121641144177,0.0
CTR_008703,Train,0,91.80121641144177,0.0
CTR_008706,Train,0,91.80121641144177,0.0
CTR_008713,Train,0,91.80121641144177,0.0
CTR_008714,Train,0,91.80121641144177,0.0
CTR_008722,Train,0,91.80121641144177,0.0
CTR_008725,Train,0,91.80121641144177,0.0
CTR_008726,Train,0,91.80121641144177,0.0
CTR_008727,Train,0,91.80121641144177,0.0
CTR_008728,Test,0,91.80121641144177,0.0
CTR_008729,Train,0,91.80121641144177,0.0
CTR_008731,Train,0,91.80121641144177,0.0
CTR_008732,Train,0,91.80121641144177,0.0
CTR_008735,Train,0,91.80121641144177,0.0
CTR_008738,Test,0,91.80121641144177,0.0
CTR_008740,Test,0,91.80121641144177,0.0
CTR_008741,Test,0,91.80121641144177,0.0
CTR_008744,Test,0,91.80121641144177,0.0
CTR_008745,Train,0,91.80121641144177,0.0
CTR_008749,Train,0,91.80121641144177,0.0
CTR_008755,Train,0,91.80121641144177,0.0
CTR_008760,Train,0,91.80121641144177,0.0
CTR_008763,Train,0,91.80121641144177,0.0
CTR_008769,Train,0,91.80121641144177,0.0
CTR_008776,Train,0,91.80121641144177,0.0
CTR_008780,Train,0,91.80121641144177,0.0
CTR_008783,Test,0,91.80121641144177,0.0
CTR_008786,Test,0,91.80121641144177,0.0
CTR_008793,Train,0,91.80121641144177,0.0
CTR_008795,Train,0,91.80121641144177,0.0
CTR_008797,Train,0,91.80121641144177,0.0
CTR_008799,Train,0,91.80121641144177,0.0
CTR_008801,Test,0,91.80121641144177,0.0
CTR_008809,Train,0,91.80121641144177,0.0
CTR_008813,Train,0,91.80121641144177,0.0
CTR_008821,Train,0,91.80121641144177,0.0
CTR_008823,Test,0,91.80121641144177,0.0
CTR_008824,Test,0,91.80121641144177,0.0
CTR_008825,Train,0,91.80121641144177,0.0
CTR_008826,Train,0,91.80121641144177,0.0
CTR_008828,Train,0,91.80121641144177,0.0
CTR_008831,Train,0,91.80121641144177,0.0
CTR_008837,Train,0,91.80121641144177,0.0
CTR_008838,Train,0,91.80121641144177,0.0
CTR_008839,Train,0,91.80121641144177,0.0
CTR_008844,Train,0,91.80121641144177,0.0
CTR_008853,Train,0,91.80121641144177,0.0
CTR_008854,Train,0,91.80121641144177,0.0
CTR_008861,Train,0,91.80121641144177,0.0
CTR_008871,Train,0,91.80121641144177,0.0
CTR_008876,Train,0,91.80121641144177,0.0
CTR_008880,Train,0,91.80121641144177,0.0
CTR_008884,Train,0,91.80121641144177,0.0
CTR_008886,Train,0,91.80121641144177,0.0
CTR_008889,Train,0,91.80121641144177,0.0
CTR_008894,Train,0,91.80121641144177,0.0
CTR_008895,Train,0,91.80121641144177,0.0
CTR_008899,Train,1,91.80121641144177,15213.03
CTR_008902,Train,0,91.80121641144177,0.0
CTR_008905,Train,0,91.80121641144177,0.0
CTR_008910,Train,0,91.80121641144177,0.0
CTR_008912,Train,0,91.80121641144177,0.0
CTR_008916,Test,0,91.80121641144177,0.0
CTR_008917,Train,0,91.80121641144177,0.0
CTR_008920,Train,0,91.80121641144177,0.0
CTR_008921,Train,0,91.80121641144177,0.0
CTR_008924,Train,0,91.80121641144177,0.0
CTR_008929,Train,0,91.80121641144177,0.0
CTR_008930,Test,0,91.80121641144177,0.0
CTR_008931,Train,0,91.80121641144177,0.0
CTR_008932,Train,0,91.80121641144177,0.0
CTR_008937,Train,0,91.80121641144177,0.0
CTR_008942,Test,0,91.80121641144177,0.0
CTR_008943,Train,0,91.80121641144177,0.0
CTR_008944,Test,0,91.80121641144177,0.0
CTR_008945,Test,0,91.80121641144177,0.0
CTR_008951,Train,0,91.80121641144177,0.0
CTR_008957,Train,0,91.80121641144177,0.0
CTR_008958,Train,0,91.80121641144177,0.0
CTR_008960,Train,0,91.80121641144177,0.0
CTR_008963,Test,0,91.80121641144177,0.0
CTR_008965,Train,0,91.80121641144177,0.0
CTR_008970,Train,0,91.80121641144177,0.0
CTR_008973,Train,0,91.80121641144177,0.0
CTR_008977,Train,0,91.80121641144177,0.0
CTR_008978,Test,0,91.80121641144177,0.0
CTR_008979,Train,0,91.80121641144177,0.0
CTR_008985,Test,0,91.80121641144177,0.0
CTR_008986,Train,0,91.80121641144177,0.0
CTR_008992,Train,0,91.80121641144177,0.0
CTR_008993,Train,0,91.80121641144177,0.0
CTR_008996,Test,0,91.80121641144177,0.0
CTR_009000,Train,0,91.80121641144177,0.0
CTR_009003,Train,0,91.80121641144177,0.0
CTR_009005,Test,0,91.80121641144177,0.0
CTR_009006,Train,0,91.80121641144177,0.0
CTR_009012,Train,0,91.80121641144177,0.0
CTR_009021,Train,0,91.80121641144177,0.0
CTR_009026,Train,0,91.80121641144177,0.0
CTR_009029,Train,0,91.80121641144177,0.0
CTR_009030,Train,0,91.80121641144177,0.0
CTR_009033,Test,0,91.80121641144177,0.0
CTR_009047,Train,0,91.80121641144177,0.0
CTR_009051,Test,0,91.80121641144177,0.0
CTR_009052,Test,0,91.80121641144177,0.0
CTR_009057,Train,0,91.80121641144177,0.0
CTR_009058,Test,0,91.80121641144177,0.0
CTR_009060,Test,0,91.80121641144177,0.0
CTR_009061,Train,0,91.80121641144177,0.0
CTR_009062,Train,0,91.80121641144177,0.0
CTR_009065,Train,0,91.80121641144177,0.0
CTR_009066,Train,0,91.80121641144177,0.0
CTR_009069,Train,0,91.80121641144177,0.0
CTR_009070,Train,0,91.80121641144177,0.0
CTR_009073,Train,0,91.80121641144177,0.0
CTR_009074,Train,0,91.80121641144177,0.0
CTR_009075,Train,0,91.80121641144177,0.0
CTR_009076,Train,0,91.80121641144177,0.0
CTR_009077,Train,0,91.80121641144177,0.0
CTR_009080,Train,0,91.80121641144177,0.0
CTR_009082,Test,0,91.80121641144177,0.0
CTR_009085,Train,0,91.80121641144177,0.0
CTR_009087,Test,0,91.80121641144177,0.0
CTR_009092,Train,0,91.80121641144177,0.0
CTR_009102,Train,0,91.80121641144177,0.0
CTR_009114,Train,0,91.80121641144177,0.0
CTR_009118,Train,0,91.80121641144177,0.0
CTR_009129,Test,0,91.80121641144177,0.0
CTR_009131,Train,0,91.80121641144177,0.0
CTR_009133,Test,0,91.80121641144177,0.0
CTR_009134,Train,0,91.80121641144177,0.0
CTR_009135,Train,0,91.80121641144177,0.0
CTR_009139,Test,0,91.80121641144177,0.0
CTR_009140,Train,0,91.80121641144177,0.0
CTR_009141,Train,0,91.80121641144177,0.0
CTR_009142,Train,0,91.80121641144177,0.0
CTR_009144,Train,0,91.80121641144177,0.0
CTR_009145,Train,0,91.80121641144177,0.0
CTR_009149,Train,0,91.80121641144177,0.0
CTR_009150,Test,0,91.80121641144177,0.0
CTR_009158,Test,0,91.80121641144177,0.0
CTR_009161,Test,0,91.80121641144177,0.0
CTR_009163,Test,0,91.80121641144177,0.0
CTR_009166,Train,0,91.80121641144177,0.0
CTR_009169,Train,0,91.80121641144177,0.0
CTR_009171,Train,0,91.80121641144177,0.0
CTR_009172,Train,0,91.80121641144177,0.0
CTR_009174,Train,0,91.80121641144177,0.0
CTR_009176,Test,0,91.80121641144177,0.0
CTR_009177,Train,0,91.80121641144177,0.0
CTR_009178,Train,0,91.80121641144177,0.0
CTR_009180,Test,0,91.80121641144177,0.0
CTR_009188,Test,0,91.80121641144177,0.0
CTR_009191,Train,0,91.80121641144177,0.0
CTR_009192,Train,0,91.80121641144177,0.0
CTR_009198,Train,0,91.80121641144177,0.0
CTR_009199,Train,0,91.80121641144177,0.0
CTR_009211,Train,0,91.80121641144177,0.0
CTR_009213,Train,0,91.80121641144177,0.0
CTR_009214,Train,0,91.80121641144177,0.0
CTR_009215,Train,0,91.80121641144177,0.0
CTR_009218,Train,0,91.80121641144177,0.0
CTR_009222,Train,0,91.80121641144177,0.0
CTR_009231,Train,0,91.80121641144177,0.0
CTR_009232,Train,0,91.80121641144177,0.0
CTR_009235,Train,0,91.80121641144177,0.0
CTR_009236,Train,0,91.80121641144177,0.0
CTR_009237,Train,0,91.80121641144177,0.0
CTR_009238,Train,0,91.80121641144177,0.0
CTR_009239,Train,0,91.80121641144177,0.0
CTR_009250,Train,0,91.80121641144177,0.0
CTR_009259,Train,0,91.80121641144177,0.0
CTR_009268,Train,0,91.80121641144177,0.0
CTR_009269,Train,0,91.80121641144177,0.0
CTR_009270,Train,0,91.80121641144177,0.0
CTR_009272,Train,0,91.80121641144177,0.0
CTR_009273,Train,0,91.80121641144177,0.0
CTR_009274,Train,0,91.80121641144177,0.0
CTR_009280,Train,0,91.80121641144177,0.0
CTR_009284,Train,0,91.80121641144177,0.0
CTR_009285,Train,0,91.80121641144177,0.0
CTR_009286,Test,0,91.80121641144177,0.0
CTR_009292,Train,0,91.80121641144177,0.0
CTR_009296,Train,0,91.80121641144177,0.0
CTR_009304,Train,0,91.80121641144177,0.0
CTR_009310,Train,0,91.80121641144177,0.0
CTR_009315,Train,0,91.80121641144177,0.0
CTR_009317,Train,0,91.80121641144177,0.0
CTR_009321,Train,0,91.80121641144177,0.0
CTR_009325,Train,0,91.80121641144177,0.0
CTR_009337,Train,0,91.80121641144177,0.0
CTR_009340,Train,0,91.80121641144177,0.0
CTR_009341,Train,0,91.80121641144177,0.0
CTR_009346,Train,0,91.80121641144177,0.0
CTR_009352,Train,0,91.80121641144177,0.0
CTR_009353,Test,0,91.80121641144177,0.0
CTR_009355,Test,0,91.80121641144177,0.0
CTR_009359,Train,0,91.80121641144177,0.0
CTR_009364,Train,1,91.80121641144177,5642.27
CTR_009371,Train,0,91.80121641144177,0.0
CTR_009373,Test,0,91.80121641144177,0.0
CTR_009378,Test,0,91.80121641144177,0.0
CTR_009380,Train,0,91.80121641144177,0.0
CTR_009382,Train,0,91.80121641144177,0.0
CTR_009383,Train,0,91.80121641144177,0.0
CTR_009384,Train,0,91.80121641144177,0.0
CTR_009387,Train,0,91.80121641144177,0.0
CTR_009390,Train,0,91.80121641144177,0.0
CTR_009402,Train,0,91.80121641144177,0.0
CTR_009405,Test,0,91.80121641144177,0.0
CTR_009406,Train,0,91.80121641144177,0.0
CTR_009409,Train,0,91.80121641144177,0.0
CTR_009410,Train,0,91.80121641144177,0.0
CTR_009419,Train,0,91.80121641144177,0.0
CTR_009421,Train,0,91.80121641144177,0.0
CTR_009432,Train,0,91.80121641144177,0.0
CTR_009434,Train,0,91.80121641144177,0.0
CTR_009436,Train,0,91.80121641144177,0.0
CTR_009443,Train,0,91.80121641144177,0.0
CTR_009447,Test,0,91.80121641144177,0.0
CTR_009448,Train,0,91.80121641144177,0.0
CTR_009449,Train,0,91.80121641144177,0.0
CTR_009461,Train,0,91.80121641144177,0.0
CTR_009462,Train,0,91.80121641144177,0.0
CTR_009470,Train,0,91.80121641144177,0.0
CTR_009473,Train,0,91.80121641144177,0.0
CTR_009478,Train,0,91.80121641144177,0.0
CTR_009481,Train,0,91.80121641144177,0.0
CTR_009482,Train,0,91.80121641144177,0.0
CTR_009483,Train,0,91.80121641144177,0.0
CTR_009484,Train,0,91.80121641144177,0.0
CTR_009485,Train,0,91.80121641144177,0.0
CTR_009493,Train,0,91.80121641144177,0.0
CTR_009497,Train,0,91.80121641144177,0.0
CTR_009503,Train,0,91.80121641144177,0.0
CTR_009506,Train,0,91.80121641144177,0.0
CTR_009508,Test,0,91.80121641144177,0.0
CTR_009509,Train,0,91.80121641144177,0.0
CTR_009510,Train,0,91.80121641144177,0.0
CTR_009511,Train,0,91.80121641144177,0.0
CTR_009513,Train,0,91.80121641144177,0.0
CTR_009514,Train,0,91.80121641144177,0.0
CTR_009516,Train,0,91.80121641144177,0.0
CTR_009519,Train,0,91.80121641144177,0.0
CTR_009524,Test,0,91.80121641144177,0.0
CTR_009528,Train,0,91.80121641144177,0.0
CTR_009532,Train,0,91.80121641144177,0.0
CTR_009537,Train,0,91.80121641144177,0.0
CTR_009542,Train,0,91.80121641144177,0.0
CTR_009543,Train,0,91.80121641144177,0.0
CTR_009546,Train,0,91.80121641144177,0.0
CTR_009553,Train,0,91.80121641144177,0.0
CTR_009558,Train,0,91.80121641144177,0.0
CTR_009560,Train,0,91.80121641144177,0.0
CTR_009564,Train,0,91.80121641144177,0.0
CTR_009565,Train,0,91.80121641144177,0.0
CTR_009566,Train,0,91.80121641144177,0.0
CTR_009567,Train,0,91.80121641144177,0.0
CTR_009568,Train,0,91.80121641144177,0.0
CTR_009574,Test,0,91.80121641144177,0.0
CTR_009575,Train,0,91.80121641144177,0.0
CTR_009578,Train,0,91.80121641144177,0.0
CTR_009580,Train,0,91.80121641144177,0.0
CTR_009581,Train,0,91.80121641144177,0.0
CTR_009583,Train,0,91.80121641144177,0.0
CTR_009594,Test,0,91.80121641144177,0.0
CTR_009596,Train,0,91.80121641144177,0.0
CTR_009597,Train,0,91.80121641144177,0.0
CTR_009598,Train,0,91.80121641144177,0.0
CTR_009603,Train,0,91.80121641144177,0.0
CTR_009606,Train,0,91.80121641144177,0.0
CTR_009608,Train,0,91.80121641144177,0.0
CTR_009610,Train,0,91.80121641144177,0.0
CTR_009620,Train,0,91.80121641144177,0.0
CTR_009625,Test,0,91.80121641144177,0.0
CTR_009629,Train,0,91.80121641144177,0.0
CTR_009630,Train,0,91.80121641144177,0.0
CTR_009642,Test,0,91.80121641144177,0.0
CTR_009644,Train,0,91.80121641144177,0.0
CTR_009654,Test,0,91.80121641144177,0.0
CTR_009655,Train,0,91.80121641144177,0.0
CTR_009657,Train,0,91.80121641144177,0.0
CTR_009659,Train,0,91.80121641144177,0.0
CTR_009671,Train,0,91.80121641144177,0.0
CTR_009675,Train,0,91.80121641144177,0.0
CTR_009677,Test,0,91.80121641144177,0.0
CTR_009681,Train,0,91.80121641144177,0.0
CTR_009689,Test,0,91.80121641144177,0.0
CTR_009690,Train,0,91.80121641144177,0.0
CTR_009691,Test,0,91.80121641144177,0.0
CTR_009697,Train,0,91.80121641144177,0.0
CTR_009700,Train,0,91.80121641144177,0.0
CTR_009701,Train,0,91.80121641144177,0.0
CTR_009702,Train,0,91.80121641144177,0.0
CTR_009710,Test,0,91.80121641144177,0.0
CTR_009715,Train,0,91.80121641144177,0.0
CTR_009719,Train,0,91.80121641144177,0.0
CTR_009720,Train,0,91.80121641144177,0.0
CTR_009721,Train,0,91.80121641144177,0.0
CTR_009727,Train,0,91.80121641144177,0.0
CTR_009733,Train,0,91.80121641144177,0.0
CTR_009747,Train,0,91.80121641144177,0.0
CTR_009749,Train,0,91.80121641144177,0.0
CTR_009750,Test,0,91.80121641144177,0.0
CTR_009754,Train,0,91.80121641144177,0.0
CTR_009756,Train,0,91.80121641144177,0.0
CTR_009757,Train,0,91.80121641144177,0.0
CTR_009759,Test,0,91.80121641144177,0.0
CTR_009762,Train,0,91.80121641144177,0.0
CTR_009770,Train,0,91.80121641144177,0.0
CTR_009771,Train,0,91.80121641144177,0.0
CTR_009772,Train,0,91.80121641144177,0.0
CTR_009774,Train,0,91.80121641144177,0.0
CTR_009775,Test,0,91.80121641144177,0.0
CTR_009776,Train,0,91.80121641144177,0.0
CTR_009780,Test,0,91.80121641144177,0.0
CTR_009794,Train,0,91.80121641144177,0.0
CTR_009799,Test,0,91.80121641144177,0.0
CTR_009800,Test,0,91.80121641144177,0.0
CTR_009803,Test,0,91.80121641144177,0.0
CTR_009815,Train,0,91.80121641144177,0.0
CTR_009816,Test,0,91.80121641144177,0.0
CTR_009824,Test,0,91.80121641144177,0.0
CTR_009825,Train,0,91.80121641144177,0.0
CTR_009830,Train,0,91.80121641144177,0.0
CTR_009831,Train,0,91.80121641144177,0.0
CTR_009832,Train,0,91.80121641144177,0.0
CTR_009835,Train,0,91.80121641144177,0.0
CTR_009843,Test,0,91.80121641144177,0.0
CTR_009844,Train,1,91.80121641144177,1668.75
CTR_009846,Test,0,91.80121641144177,0.0
CTR_009849,Train,0,91.80121641144177,0.0
CTR_009850,Test,0,91.80121641144177,0.0
CTR_009856,Train,0,91.80121641144177,0.0
CTR_009871,Train,0,91.80121641144177,0.0
CTR_009877,Train,0,91.80121641144177,0.0
CTR_009879,Train,0,91.80121641144177,0.0
CTR_009880,Train,0,91.80121641144177,0.0
CTR_009887,Train,0,91.80121641144177,0.0
CTR_009891,Train,0,91.80121641144177,0.0
CTR_009902,Train,0,91.80121641144177,0.0
CTR_009903,Test,0,91.80121641144177,0.0
CTR_009904,Train,0,91.80121641144177,0.0
CTR_009905,Train,0,91.80121641144177,0.0
CTR_009913,Train,0,91.80121641144177,0.0
CTR_009924,Train,0,91.80121641144177,0.0
CTR_009937,Train,0,91.80121641144177,0.0
CTR_009939,Train,0,91.80121641144177,0.0
CTR_009941,Train,0,91.80121641144177,0.0
CTR_009943,Train,0,91.80121641144177,0.0
CTR_009950,Train,0,91.80121641144177,0.0
CTR_009951,Train,0,91.80121641144177,0.0
CTR_009959,Train,0,91.80121641144177,0.0
CTR_009960,Train,0,91.80121641144177,0.0
CTR_009961,Train,0,91.80121641144177,0.0
CTR_009965,Train,0,91.80121641144177,0.0
CTR_009966,Train,0,91.80121641144177,0.0
CTR_009967,Train,0,91.80121641144177,0.0
CTR_009970,Test,0,91.80121641144177,0.0
CTR_009974,Test,0,91.80121641144177,0.0
CTR_009976,Train,0,91.80121641144177,0.0
CTR_009979,Train,0,91.80121641144177,0.0
CTR_009986,Test,0,91.80121641144177,0.0
CTR_009993,Train,0,91.80121641144177,0.0
CTR_009995,Test,0,91.80121641144177,0.0
CTR_009997,Train,0,91.80121641144177,0.0
CTR_009998,Train,0,91.80121641144177,0.0
CTR_009999,Test,0,91.80121641144177,0.0
CTR_010000,Test,0,91.80121641144177,0.0
CTR_010002,Train,0,91.80121641144177,0.0
CTR_010004,Train,0,91.80121641144177,0.0
CTR_010007,Test,0,91.80121641144177,0.0
CTR_010012,Train,0,91.80121641144177,0.0
CTR_010014,Train,0,91.80121641144177,0.0
CTR_010020,Train,0,91.80121641144177,0.0
CTR_010023,Test,0,91.80121641144177,0.0
CTR_010024,Train,0,91.80121641144177,0.0
CTR_010038,Train,0,91.80121641144177,0.0
CTR_010043,Train,0,91.80121641144177,0.0
CTR_010046,Train,1,91.80121641144177,2033.88
CTR_010052,Train,0,91.80121641144177,0.0
CTR_010053,Train,0,91.80121641144177,0.0
CTR_010054,Train,0,91.80121641144177,0.0
CTR_010058,Test,0,91.80121641144177,0.0
CTR_010061,Train,0,91.80121641144177,0.0
CTR_010062,Test,0,91.80121641144177,0.0
CTR_010075,Train,0,91.80121641144177,0.0
CTR_010089,Train,0,91.80121641144177,0.0
CTR_010105,Train,0,91.80121641144177,0.0
CTR_010115,Train,0,91.80121641144177,0.0
CTR_010120,Train,0,91.80121641144177,0.0
CTR_010121,Train,0,91.80121641144177,0.0
CTR_010122,Test,0,91.80121641144177,0.0
CTR_010125,Train,0,91.80121641144177,0.0
CTR_010127,Test,0,91.80121641144177,0.0
CTR_010130,Test,0,91.80121641144177,0.0
CTR_010135,Train,0,91.80121641144177,0.0
CTR_010138,Test,0,91.80121641144177,0.0
CTR_010141,Train,0,91.80121641144177,0.0
CTR_010143,Train,0,91.80121641144177,0.0
CTR_010145,Train,0,91.80121641144177,0.0
CTR_010146,Train,0,91.80121641144177,0.0
CTR_010150,Test,0,91.80121641144177,0.0
CTR_010151,Train,0,91.80121641144177,0.0
CTR_010152,Train,0,91.80121641144177,0.0
CTR_010153,Train,0,91.80121641144177,0.0
CTR_010156,Train,0,91.80121641144177,0.0
CTR_010159,Train,0,91.80121641144177,0.0
CTR_010160,Train,0,91.80121641144177,0.0
CTR_010161,Train,0,91.80121641144177,0.0
CTR_010162,Test,0,91.80121641144177,0.0
CTR_010163,Train,0,91.80121641144177,0.0
CTR_010169,Train,0,91.80121641144177,0.0
CTR_010170,Train,0,91.80121641144177,0.0
CTR_010171,Train,0,91.80121641144177,0.0
CTR_010173,Train,0,91.80121641144177,0.0
CTR_010177,Train,0,91.80121641144177,0.0
CTR_010179,Test,0,91.80121641144177,0.0
CTR_010180,Train,0,91.80121641144177,0.0
CTR_010183,Train,0,91.80121641144177,0.0
CTR_010194,Train,0,91.80121641144177,0.0
CTR_010199,Train,0,91.80121641144177,0.0
CTR_010201,Train,0,91.80121641144177,0.0
CTR_010209,Test,0,91.80121641144177,0.0
CTR_010217,Test,0,91.80121641144177,0.0
CTR_010220,Test,0,91.80121641144177,0.0
CTR_010224,Train,0,91.80121641144177,0.0
CTR_010225,Train,0,91.80121641144177,0.0
CTR_010226,Test,0,91.80121641144177,0.0
CTR_010228,Train,0,91.80121641144177,0.0
CTR_010229,Train,0,91.80121641144177,0.0
CTR_010230,Train,0,91.80121641144177,0.0
CTR_010233,Train,0,91.80121641144177,0.0
CTR_010235,Train,0,91.80121641144177,0.0
CTR_010237,Test,0,91.80121641144177,0.0
CTR_010239,Test,0,91.80121641144177,0.0
CTR_010243,Train,0,91.80121641144177,0.0
CTR_010244,Train,0,91.80121641144177,0.0
CTR_010246,Train,0,91.80121641144177,0.0
CTR_010248,Train,0,91.80121641144177,0.0
CTR_010252,Train,0,91.80121641144177,0.0
CTR_010253,Train,0,91.80121641144177,0.0
CTR_010267,Train,0,91.80121641144177,0.0
CTR_010271,Train,0,91.80121641144177,0.0
CTR_010272,Train,0,91.80121641144177,0.0
CTR_010282,Train,0,91.80121641144177,0.0
CTR_010284,Train,0,91.80121641144177,0.0
CTR_010285,Train,0,91.80121641144177,0.0
CTR_010290,Train,0,91.80121641144177,0.0
CTR_010293,Test,0,91.80121641144177,0.0
CTR_010294,Train,0,91.80121641144177,0.0
CTR_010295,Train,0,91.80121641144177,0.0
CTR_010297,Train,0,91.80121641144177,0.0
CTR_010299,Train,0,91.80121641144177,0.0
CTR_010305,Train,0,91.80121641144177,0.0
CTR_010307,Test,0,91.80121641144177,0.0
CTR_010314,Test,0,91.80121641144177,0.0
CTR_010319,Test,0,91.80121641144177,0.0
CTR_010321,Train,0,91.80121641144177,0.0
CTR_010324,Train,0,91.80121641144177,0.0
CTR_010325,Test,0,91.80121641144177,0.0
CTR_010329,Test,0,91.80121641144177,0.0
CTR_010330,Train,0,91.80121641144177,0.0
CTR_010334,Train,0,91.80121641144177,0.0
CTR_010336,Train,0,91.80121641144177,0.0
CTR_010338,Train,0,91.80121641144177,0.0
CTR_010341,Train,0,91.80121641144177,0.0
CTR_010348,Train,0,91.80121641144177,0.0
CTR_010359,Train,0,91.80121641144177,0.0
CTR_010360,Train,0,91.80121641144177,0.0
CTR_010361,Test,1,91.80121641144177,1411.93
CTR_010363,Train,0,91.80121641144177,0.0
CTR_010365,Train,0,91.80121641144177,0.0
CTR_010368,Train,0,91.80121641144177,0.0
CTR_010372,Train,0,91.80121641144177,0.0
CTR_010376,Test,0,91.80121641144177,0.0
CTR_010381,Train,0,91.80121641144177,0.0
CTR_010383,Train,0,91.80121641144177,0.0
CTR_010391,Train,0,91.80121641144177,0.0
CTR_010395,Train,0,91.80121641144177,0.0
CTR_010397,Train,0,91.80121641144177,0.0
CTR_010402,Train,0,91.80121641144177,0.0
CTR_010403,Train,0,91.80121641144177,0.0
CTR_010407,Test,0,91.80121641144177,0.0
CTR_010414,Train,0,91.80121641144177,0.0
CTR_010417,Train,0,91.80121641144177,0.0
CTR_010420,Train,0,91.80121641144177,0.0
CTR_010421,Train,0,91.80121641144177,0.0
CTR_010428,Test,0,91.80121641144177,0.0
CTR_010435,Train,0,91.80121641144177,0.0
CTR_010437,Train,0,91.80121641144177,0.0
CTR_010442,Test,0,91.80121641144177,0.0
CTR_010443,Train,0,91.80121641144177,0.0
CTR_010446,Train,0,91.80121641144177,0.0
CTR_010447,Train,0,91.80121641144177,0.0
CTR_010452,Test,0,91.80121641144177,0.0
CTR_010458,Train,0,91.80121641144177,0.0
CTR_010460,Train,0,91.80121641144177,0.0
CTR_010462,Test,0,91.80121641144177,0.0
CTR_010464,Train,0,91.80121641144177,0.0
CTR_010471,Train,0,91.80121641144177,0.0
CTR_010474,Test,0,91.80121641144177,0.0
CTR_010484,Train,0,91.80121641144177,0.0
CTR_010489,Train,0,91.80121641144177,0.0
CTR_010490,Train,0,91.80121641144177,0.0
CTR_010494,Train,0,91.80121641144177,0.0
CTR_010503,Test,0,91.80121641144177,0.0
CTR_010506,Train,0,91.80121641144177,0.0
CTR_010508,Train,0,91.80121641144177,0.0
CTR_010517,Train,0,91.80121641144177,0.0
CTR_010523,Test,0,91.80121641144177,0.0
CTR_010525,Train,0,91.80121641144177,0.0
CTR_010526,Train,0,91.80121641144177,0.0
CTR_010529,Test,0,91.80121641144177,0.0
CTR_010531,Train,0,91.80121641144177,0.0
CTR_010532,Train,0,91.80121641144177,0.0
CTR_010533,Train,0,91.80121641144177,0.0
CTR_010534,Test,0,91.80121641144177,0.0
CTR_010538,Test,0,91.80121641144177,0.0
CTR_010539,Train,0,91.80121641144177,0.0
CTR_010541,Test,0,91.80121641144177,0.0
CTR_010542,Train,0,91.80121641144177,0.0
CTR_010544,Train,0,91.80121641144177,0.0
CTR_010554,Train,0,91.80121641144177,0.0
CTR_010559,Train,0,91.80121641144177,0.0
CTR_010562,Test,0,91.80121641144177,0.0
CTR_010565,Train,0,91.80121641144177,0.0
CTR_010572,Train,0,91.80121641144177,0.0
CTR_010573,Train,0,91.80121641144177,0.0
CTR_010592,Train,0,91.80121641144177,0.0
CTR_010600,Train,0,91.80121641144177,0.0
CTR_010603,Test,0,91.80121641144177,0.0
CTR_010604,Train,0,91.80121641144177,0.0
CTR_010607,Train,0,91.80121641144177,0.0
CTR_010611,Train,0,91.80121641144177,0.0
CTR_010613,Train,0,91.80121641144177,0.0
CTR_010618,Train,0,91.80121641144177,0.0
CTR_010619,Test,0,91.80121641144177,0.0
CTR_010621,Train,0,91.80121641144177,0.0
CTR_010623,Train,0,91.80121641144177,0.0
CTR_010627,Train,0,91.80121641144177,0.0
CTR_010630,Train,0,91.80121641144177,0.0
CTR_010635,Train,0,91.80121641144177,0.0
CTR_010640,Test,0,91.80121641144177,0.0
CTR_010641,Train,0,91.80121641144177,0.0
CTR_010643,Train,0,91.80121641144177,0.0
CTR_010644,Test,0,91.80121641144177,0.0
CTR_010645,Train,1,91.80121641144177,2698.2
CTR_010647,Test,0,91.80121641144177,0.0
CTR_010648,Test,0,91.80121641144177,0.0
CTR_010649,Train,0,91.80121641144177,0.0
CTR_010656,Train,0,91.80121641144177,0.0
CTR_010657,Train,0,91.80121641144177,0.0
CTR_010660,Train,0,91.80121641144177,0.0
CTR_010661,Train,0,91.80121641144177,0.0
CTR_010669,Test,0,91.80121641144177,0.0
CTR_010674,Train,0,91.80121641144177,0.0
CTR_010677,Train,0,91.80121641144177,0.0
CTR_010692,Train,0,91.80121641144177,0.0
CTR_010703,Train,0,91.80121641144177,0.0
CTR_010704,Train,0,91.80121641144177,0.0
CTR_010710,Train,0,91.80121641144177,0.0
CTR_010712,Train,0,91.80121641144177,0.0
CTR_010713,Test,0,91.80121641144177,0.0
CTR_010714,Test,0,91.80121641144177,0.0
CTR_010715,Train,0,91.80121641144177,0.0
CTR_010716,Train,0,91.80121641144177,0.0
CTR_010721,Train,0,91.80121641144177,0.0
CTR_010723,Train,0,91.80121641144177,0.0
CTR_010724,Train,0,91.80121641144177,0.0
CTR_010728,Test,0,91.80121641144177,0.0
CTR_010732,Test,0,91.80121641144177,0.0
CTR_010735,Train,0,91.80121641144177,0.0
CTR_010740,Train,0,91.80121641144177,0.0
CTR_010747,Train,0,91.80121641144177,0.0
CTR_010753,Train,0,91.80121641144177,0.0
CTR_010755,Train,0,91.80121641144177,0.0
CTR_010761,Train,0,91.80121641144177,0.0
CTR_010774,Train,0,91.80121641144177,0.0
CTR_010775,Train,0,91.80121641144177,0.0
CTR_010776,Train,0,91.80121641144177,0.0
CTR_010777,Test,0,91.80121641144177,0.0
CTR_010778,Train,0,91.80121641144177,0.0
CTR_010783,Test,0,91.80121641144177,0.0
CTR_010784,Train,0,91.80121641144177,0.0
CTR_010789,Train,0,91.80121641144177,0.0
CTR_010790,Train,0,91.80121641144177,0.0
CTR_010798,Test,0,91.80121641144177,0.0
CTR_010802,Train,0,91.80121641144177,0.0
CTR_010804,Train,0,91.80121641144177,0.0
CTR_010805,Test,0,91.80121641144177,0.0
CTR_010809,Train,0,91.80121641144177,0.0
CTR_010816,Train,0,91.80121641144177,0.0
CTR_010817,Test,0,91.80121641144177,0.0
CTR_010818,Test,0,91.80121641144177,0.0
CTR_010820,Train,0,91.80121641144177,0.0
CTR_010821,Train,0,91.80121641144177,0.0
CTR_010822,Test,0,91.80121641144177,0.0
CTR_010834,Train,0,91.80121641144177,0.0
CTR_010837,Train,0,91.80121641144177,0.0
CTR_010843,Train,0,91.80121641144177,0.0
CTR_010847,Train,0,91.80121641144177,0.0
CTR_010849,Train,0,91.80121641144177,0.0
CTR_010853,Train,0,91.80121641144177,0.0
CTR_010854,Train,0,91.80121641144177,0.0
CTR_010855,Test,0,91.80121641144177,0.0
CTR_010857,Test,0,91.80121641144177,0.0
CTR_010861,Test,0,91.80121641144177,0.0
CTR_010864,Train,0,91.80121641144177,0.0
CTR_010865,Train,0,91.80121641144177,0.0
CTR_010866,Train,0,91.80121641144177,0.0
CTR_010869,Train,0,91.80121641144177,0.0
CTR_010870,Train,0,91.80121641144177,0.0
CTR_010872,Train,0,91.80121641144177,0.0
CTR_010881,Train,0,91.80121641144177,0.0
CTR_010882,Train,0,91.80121641144177,0.0
CTR_010894,Train,0,91.80121641144177,0.0
CTR_010897,Test,0,91.80121641144177,0.0
CTR_010898,Train,0,91.80121641144177,0.0
CTR_010900,Train,0,91.80121641144177,0.0
CTR_010901,Train,0,91.80121641144177,0.0
CTR_010903,Train,0,91.80121641144177,0.0
CTR_010904,Train,0,91.80121641144177,0.0
CTR_010907,Train,0,91.80121641144177,0.0
CTR_010908,Train,0,91.80121641144177,0.0
CTR_010915,Train,0,91.80121641144177,0.0
CTR_010916,Train,0,91.80121641144177,0.0
CTR_010918,Train,0,91.80121641144177,0.0
CTR_010919,Train,1,91.80121641144177,2149.08
CTR_010920,Test,0,91.80121641144177,0.0
CTR_010923,Train,0,91.80121641144177,0.0
CTR_010924,Train,0,91.80121641144177,0.0
CTR_010925,Train,0,91.80121641144177,0.0
CTR_010937,Train,0,91.80121641144177,0.0
CTR_010939,Train,0,91.80121641144177,0.0
CTR_010940,Train,0,91.80121641144177,0.0
CTR_010946,Train,0,91.80121641144177,0.0
CTR_010950,Train,0,91.80121641144177,0.0
CTR_010951,Train,0,91.80121641144177,0.0
CTR_010953,Test,0,91.80121641144177,0.0
CTR_010962,Test,0,91.80121641144177,0.0
CTR_010964,Train,0,91.80121641144177,0.0
CTR_010965,Train,0,91.80121641144177,0.0
CTR_010966,Train,0,91.80121641144177,0.0
CTR_010968,Train,0,91.80121641144177,0.0
CTR_010970,Train,0,91.80121641144177,0.0
CTR_010971,Train,0,91.80121641144177,0.0
CTR_010977,Train,0,91.80121641144177,0.0
CTR_010984,Test,0,91.80121641144177,0.0
CTR_010990,Train,1,91.80121641144177,12875.4
CTR_010991,Test,0,91.80121641144177,0.0
CTR_010994,Train,0,91.80121641144177,0.0
CTR_010995,Test,0,91.80121641144177,0.0
CTR_010999,Train,0,91.80121641144177,0.0
CTR_011004,Train,0,91.80121641144177,0.0
CTR_011006,Train,0,91.80121641144177,0.0
CTR_011009,Train,0,91.80121641144177,0.0
CTR_011010,Test,0,91.80121641144177,0.0
CTR_011016,Test,0,91.80121641144177,0.0
CTR_011028,Test,0,91.80121641144177,0.0
CTR_011031,Train,0,91.80121641144177,0.0
CTR_011032,Train,0,91.80121641144177,0.0
CTR_011045,Test,0,91.80121641144177,0.0
CTR_011046,Test,0,91.80121641144177,0.0
CTR_011048,Train,0,91.80121641144177,0.0
CTR_011049,Train,0,91.80121641144177,0.0
CTR_011050,Train,0,91.80121641144177,0.0
CTR_011056,Train,0,91.80121641144177,0.0
CTR_011060,Train,0,91.80121641144177,0.0
CTR_011062,Train,0,91.80121641144177,0.0
CTR_011064,Test,0,91.80121641144177,0.0
CTR_011068,Train,0,91.80121641144177,0.0
CTR_011079,Train,0,91.80121641144177,0.0
CTR_011081,Train,0,91.80121641144177,0.0
CTR_011082,Train,0,91.80121641144177,0.0
CTR_011083,Train,0,91.80121641144177,0.0
CTR_011084,Train,0,91.80121641144177,0.0
CTR_011085,Test,0,91.80121641144177,0.0
CTR_011086,Train,0,91.80121641144177,0.0
CTR_011092,Train,0,91.80121641144177,0.0
CTR_011093,Test,0,91.80121641144177,0.0
CTR_011097,Train,0,91.80121641144177,0.0
CTR_011100,Test,0,91.80121641144177,0.0
CTR_011101,Train,0,91.80121641144177,0.0
CTR_011103,Train,0,91.80121641144177,0.0
CTR_011105,Train,0,91.80121641144177,0.0
CTR_011107,Test,0,91.80121641144177,0.0
CTR_011110,Train,0,91.80121641144177,0.0
CTR_011113,Train,0,91.80121641144177,0.0
CTR_011115,Test,0,91.80121641144177,0.0
CTR_011117,Train,0,91.80121641144177,0.0
CTR_011118,Train,0,91.80121641144177,0.0
CTR_011121,Train,1,91.80121641144177,1689.21
CTR_011123,Train,0,91.80121641144177,0.0
CTR_011124,Train,0,91.80121641144177,0.0
CTR_011127,Test,0,91.80121641144177,0.0
CTR_011129,Train,0,91.80121641144177,0.0
CTR_011134,Train,0,91.80121641144177,0.0
CTR_011135,Train,0,91.80121641144177,0.0
CTR_011136,Test,0,91.80121641144177,0.0
CTR_011140,Train,0,91.80121641144177,0.0
CTR_011141,Test,0,91.80121641144177,0.0
CTR_011149,Train,0,91.80121641144177,0.0
CTR_011150,Train,0,91.80121641144177,0.0
CTR_011152,Train,0,91.80121641144177,0.0
CTR_011153,Train,0,91.80121641144177,0.0
CTR_011163,Train,0,91.80121641144177,0.0
CTR_011166,Train,0,91.80121641144177,0.0
CTR_011167,Train,0,91.80121641144177,0.0
CTR_011178,Test,0,91.80121641144177,0.0
CTR_011185,Train,0,91.80121641144177,0.0
CTR_011188,Test,0,91.80121641144177,0.0
CTR_011192,Train,0,91.80121641144177,0.0
CTR_011194,Train,0,91.80121641144177,0.0
CTR_011195,Train,0,91.80121641144177,0.0
CTR_011196,Test,0,91.80121641144177,0.0
CTR_011209,Train,0,91.80121641144177,0.0
CTR_011216,Train,0,91.80121641144177,0.0
CTR_011223,Train,0,91.80121641144177,0.0
CTR_011224,Train,0,91.80121641144177,0.0
CTR_011227,Train,0,91.80121641144177,0.0
CTR_011236,Train,0,91.80121641144177,0.0
CTR_011237,Train,0,91.80121641144177,0.0
CTR_011239,Train,0,91.80121641144177,0.0
CTR_011246,Train,0,91.80121641144177,0.0
CTR_011250,Train,0,91.80121641144177,0.0
CTR_011251,Train,0,91.80121641144177,0.0
CTR_011253,Test,0,91.80121641144177,0.0
CTR_011259,Train,0,91.80121641144177,0.0
CTR_011262,Train,0,91.80121641144177,0.0
CTR_011270,Train,0,91.80121641144177,0.0
CTR_011271,Test,0,91.80121641144177,0.0
CTR_011277,Test,0,91.80121641144177,0.0
CTR_011278,Train,0,91.80121641144177,0.0
CTR_011285,Train,0,91.80121641144177,0.0
CTR_011293,Train,0,91.80121641144177,0.0
CTR_011295,Test,0,91.80121641144177,0.0
CTR_011296,Test,0,91.80121641144177,0.0
CTR_011298,Test,0,91.80121641144177,0.0
CTR_011299,Train,0,91.80121641144177,0.0
CTR_011302,Train,0,91.80121641144177,0.0
CTR_011306,Train,0,91.80121641144177,0.0
CTR_011307,Train,0,91.80121641144177,0.0
CTR_011309,Test,0,91.80121641144177,0.0
CTR_011312,Train,0,91.80121641144177,0.0
CTR_011318,Train,0,91.80121641144177,0.0
CTR_011323,Train,0,91.80121641144177,0.0
CTR_011333,Train,0,91.80121641144177,0.0
CTR_011337,Test,0,91.80121641144177,0.0
CTR_011339,Train,0,91.80121641144177,0.0
CTR_011340,Train,0,91.80121641144177,0.0
CTR_011347,Train,0,91.80121641144177,0.0
CTR_011353,Train,0,91.80121641144177,0.0
CTR_011355,Train,0,91.80121641144177,0.0
CTR_011362,Train,0,91.80121641144177,0.0
CTR_011364,Train,0,91.80121641144177,0.0
CTR_011366,Train,0,91.80121641144177,0.0
CTR_011367,Train,0,91.80121641144177,0.0
CTR_011369,Train,0,91.80121641144177,0.0
CTR_011371,Train,0,91.80121641144177,0.0
CTR_011376,Train,0,91.80121641144177,0.0
CTR_011382,Test,0,91.80121641144177,0.0
CTR_011383,Test,0,91.80121641144177,0.0
CTR_011384,Test,1,91.80121641144177,6220.25
CTR_011390,Train,0,91.80121641144177,0.0
CTR_011391,Train,0,91.80121641144177,0.0
CTR_011395,Train,0,91.80121641144177,0.0
CTR_011405,Test,0,91.80121641144177,0.0
CTR_011408,Train,0,91.80121641144177,0.0
CTR_011415,Train,0,91.80121641144177,0.0
CTR_011417,Train,0,91.80121641144177,0.0
CTR_011429,Train,0,91.80121641144177,0.0
CTR_011435,Train,0,91.80121641144177,0.0
CTR_011437,Train,0,91.80121641144177,0.0
CTR_011438,Train,0,91.80121641144177,0.0
CTR_011440,Test,0,91.80121641144177,0.0
CTR_011441,Train,0,91.80121641144177,0.0
CTR_011444,Train,0,91.80121641144177,0.0
CTR_011445,Train,0,91.80121641144177,0.0
CTR_011446,Train,0,91.80121641144177,0.0
CTR_011452,Train,0,91.80121641144177,0.0
CTR_011453,Train,0,91.80121641144177,0.0
CTR_011454,Test,0,91.80121641144177,0.0
CTR_011457,Test,0,91.80121641144177,0.0
CTR_011458,Train,0,91.80121641144177,0.0
CTR_011464,Train,0,91.80121641144177,0.0
CTR_011466,Train,0,91.80121641144177,0.0
CTR_011475,Train,0,91.80121641144177,0.0
CTR_011476,Train,0,91.80121641144177,0.0
CTR_011480,Test,0,91.80121641144177,0.0
CTR_011485,Train,0,91.80121641144177,0.0
CTR_011487,Train,0,91.80121641144177,0.0
CTR_011489,Train,0,91.80121641144177,0.0
CTR_011491,Train,0,91.80121641144177,0.0
CTR_011494,Test,0,91.80121641144177,0.0
CTR_011496,Train,0,91.80121641144177,0.0
CTR_011503,Train,0,91.80121641144177,0.0
CTR_011509,Train,1,91.80121641144177,2621.26
CTR_011515,Train,0,91.80121641144177,0.0
CTR_011517,Train,0,91.80121641144177,0.0
CTR_011519,Train,0,91.80121641144177,0.0
CTR_011520,Train,0,91.80121641144177,0.0
CTR_011521,Train,0,91.80121641144177,0.0
CTR_011522,Train,0,91.80121641144177,0.0
CTR_011523,Train,0,91.80121641144177,0.0
CTR_011524,Train,0,91.80121641144177,0.0
CTR_011525,Train,0,91.80121641144177,0.0
CTR_011526,Train,0,91.80121641144177,0.0
CTR_011527,Train,0,91.80121641144177,0.0
CTR_011530,Test,0,91.80121641144177,0.0
CTR_011535,Train,0,91.80121641144177,0.0
CTR_011540,Train,0,91.80121641144177,0.0
CTR_011552,Test,0,91.80121641144177,0.0
CTR_011554,Train,0,91.80121641144177,0.0
CTR_011555,Train,0,91.80121641144177,0.0
CTR_011557,Test,0,91.80121641144177,0.0
CTR_011559,Train,0,91.80121641144177,0.0
CTR_011564,Train,0,91.80121641144177,0.0
CTR_011567,Train,0,91.80121641144177,0.0
CTR_011571,Train,0,91.80121641144177,0.0
CTR_011573,Train,0,91.80121641144177,0.0
CTR_011577,Train,0,91.80121641144177,0.0
CTR_011582,Train,0,91.80121641144177,0.0
CTR_011583,Train,0,91.80121641144177,0.0
CTR_011589,Train,0,91.80121641144177,0.0
CTR_011595,Train,0,91.80121641144177,0.0
CTR_011596,Train,0,91.80121641144177,0.0
CTR_011597,Test,0,91.80121641144177,0.0
CTR_011601,Train,0,91.80121641144177,0.0
CTR_011606,Test,0,91.80121641144177,0.0
CTR_011609,Train,0,91.80121641144177,0.0
CTR_011612,Train,0,91.80121641144177,0.0
CTR_011613,Train,0,91.80121641144177,0.0
CTR_011615,Train,0,91.80121641144177,0.0
CTR_011617,Train,0,91.80121641144177,0.0
CTR_011620,Test,0,91.80121641144177,0.0
CTR_011627,Test,0,91.80121641144177,0.0
CTR_011628,Train,0,91.80121641144177,0.0
CTR_011631,Train,0,91.80121641144177,0.0
CTR_011636,Train,0,91.80121641144177,0.0
CTR_011637,Test,0,91.80121641144177,0.0
CTR_011641,Train,0,91.80121641144177,0.0
CTR_011643,Test,0,91.80121641144177,0.0
CTR_011647,Train,0,91.80121641144177,0.0
CTR_011662,Test,0,91.80121641144177,0.0
CTR_011663,Train,0,91.80121641144177,0.0
CTR_011679,Train,0,91.80121641144177,0.0
CTR_011682,Train,0,91.80121641144177,0.0
CTR_011683,Test,0,91.80121641144177,0.0
CTR_011689,Train,0,91.80121641144177,0.0
CTR_011700,Train,0,91.80121641144177,0.0
CTR_011702,Train,0,91.80121641144177,0.0
CTR_011708,Train,0,91.80121641144177,0.0
CTR_011713,Train,0,91.80121641144177,0.0
CTR_011715,Test,0,91.80121641144177,0.0
CTR_011721,Train,0,91.80121641144177,0.0
CTR_011724,Train,0,91.80121641144177,0.0
CTR_011731,Train,0,91.80121641144177,0.0
CTR_011736,Train,0,91.80121641144177,0.0
CTR_011737,Train,0,91.80121641144177,0.0
CTR_011739,Test,0,91.80121641144177,0.0
CTR_011743,Train,0,91.80121641144177,0.0
CTR_011744,Train,0,91.80121641144177,0.0
CTR_011745,Train,0,91.80121641144177,0.0
CTR_011746,Train,0,91.80121641144177,0.0
CTR_011748,Test,0,91.80121641144177,0.0
CTR_011750,Train,0,91.80121641144177,0.0
CTR_011757,Train,0,91.80121641144177,0.0
CTR_011761,Train,0,91.80121641144177,0.0
CTR_011762,Train,0,91.80121641144177,0.0
CTR_011763,Train,0,91.80121641144177,0.0
CTR_011767,Train,0,91.80121641144177,0.0
CTR_011771,Train,0,91.80121641144177,0.0
CTR_011774,Train,0,91.80121641144177,0.0
CTR_011777,Train,0,91.80121641144177,0.0
CTR_011779,Train,0,91.80121641144177,0.0
CTR_011784,Train,0,91.80121641144177,0.0
CTR_011789,Test,0,91.80121641144177,0.0
CTR_011791,Train,0,91.80121641144177,0.0
CTR_011792,Train,0,91.80121641144177,0.0
CTR_011795,Train,0,91.80121641144177,0.0
CTR_011796,Train,0,91.80121641144177,0.0
CTR_011798,Train,0,91.80121641144177,0.0
CTR_011801,Train,0,91.80121641144177,0.0
CTR_011802,Train,0,91.80121641144177,0.0
CTR_011804,Train,0,91.80121641144177,0.0
CTR_011807,Train,0,91.80121641144177,0.0
CTR_011808,Test,0,91.80121641144177,0.0
CTR_011816,Train,0,91.80121641144177,0.0
CTR_011823,Test,0,91.80121641144177,0.0
CTR_011826,Train,0,91.80121641144177,0.0
CTR_011832,Test,0,91.80121641144177,0.0
CTR_011843,Train,0,91.80121641144177,0.0
CTR_011850,Train,0,91.80121641144177,0.0
CTR_011851,Test,0,91.80121641144177,0.0
CTR_011858,Test,0,91.80121641144177,0.0
CTR_011865,Train,0,91.80121641144177,0.0
CTR_011868,Test,0,91.80121641144177,0.0
CTR_011869,Train,0,91.80121641144177,0.0
CTR_011871,Train,0,91.80121641144177,0.0
CTR_011873,Train,0,91.80121641144177,0.0
CTR_011876,Test,0,91.80121641144177,0.0
CTR_011880,Train,0,91.80121641144177,0.0
CTR_011887,Train,0,91.80121641144177,0.0
CTR_011889,Train,0,91.80121641144177,0.0
CTR_011893,Train,0,91.80121641144177,0.0
CTR_011894,Test,0,91.80121641144177,0.0
CTR_011900,Test,0,91.80121641144177,0.0
CTR_011901,Train,0,91.80121641144177,0.0
CTR_011906,Train,0,91.80121641144177,0.0
CTR_011914,Train,0,91.80121641144177,0.0
CTR_011915,Train,0,91.80121641144177,0.0
CTR_011918,Train,0,91.80121641144177,0.0
CTR_011919,Train,0,91.80121641144177,0.0
CTR_011921,Train,0,91.80121641144177,0.0
CTR_011924,Train,1,91.80121641144177,1848.49
CTR_011925,Test,0,91.80121641144177,0.0
CTR_011927,Test,0,91.80121641144177,0.0
CTR_011928,Test,0,91.80121641144177,0.0
CTR_011929,Test,0,91.80121641144177,0.0
CTR_011931,Train,0,91.80121641144177,0.0
CTR_011932,Test,0,91.80121641144177,0.0
CTR_011934,Train,0,91.80121641144177,0.0
CTR_011940,Train,0,91.80121641144177,0.0
CTR_011951,Test,0,91.80121641144177,0.0
CTR_011953,Train,0,91.80121641144177,0.0
CTR_011955,Train,0,91.80121641144177,0.0
CTR_011956,Train,0,91.80121641144177,0.0
CTR_011959,Train,0,91.80121641144177,0.0
CTR_011961,Train,0,91.80121641144177,0.0
CTR_011968,Test,1,91.80121641144177,301.36
CTR_011970,Train,0,91.80121641144177,0.0
CTR_011979,Train,0,91.80121641144177,0.0
CTR_011982,Train,0,91.80121641144177,0.0
CTR_011986,Train,0,91.80121641144177,0.0
CTR_011987,Train,0,91.80121641144177,0.0
CTR_011988,Train,0,91.80121641144177,0.0
CTR_011991,Test,0,91.80121641144177,0.0
CTR_011992,Test,0,91.80121641144177,0.0
CTR_011994,Train,0,91.80121641144177,0.0
CTR_011996,Train,0,91.80121641144177,0.0
CTR_012001,Train,0,91.80121641144177,0.0
CTR_012003,Train,0,91.80121641144177,0.0
CTR_012006,Test,0,91.80121641144177,0.0
CTR_012014,Train,0,91.80121641144177,0.0
CTR_012016,Train,0,91.80121641144177,0.0
CTR_012018,Train,0,91.80121641144177,0.0
CTR_012027,Train,0,91.80121641144177,0.0
CTR_012028,Test,0,91.80121641144177,0.0
CTR_012030,Test,0,91.80121641144177,0.0
CTR_012037,Train,0,91.80121641144177,0.0
CTR_012043,Test,0,91.80121641144177,0.0
CTR_012048,Train,0,91.80121641144177,0.0
CTR_012050,Train,0,91.80121641144177,0.0
CTR_012053,Test,0,91.80121641144177,0.0
CTR_012054,Train,0,91.80121641144177,0.0
CTR_012055,Train,0,91.80121641144177,0.0
CTR_012059,Train,0,91.80121641144177,0.0
CTR_012061,Train,0,91.80121641144177,0.0
CTR_012062,Train,0,91.80121641144177,0.0
CTR_012063,Train,0,91.80121641144177,0.0
CTR_012065,Train,0,91.80121641144177,0.0
CTR_012068,Train,0,91.80121641144177,0.0
CTR_012071,Train,0,91.80121641144177,0.0
CTR_012073,Test,0,91.80121641144177,0.0
CTR_012075,Train,0,91.80121641144177,0.0
CTR_012077,Train,0,91.80121641144177,0.0
CTR_012079,Train,0,91.80121641144177,0.0
CTR_012081,Test,0,91.80121641144177,0.0
CTR_012082,Train,0,91.80121641144177,0.0
CTR_012084,Train,0,91.80121641144177,0.0
CTR_012088,Test,0,91.80121641144177,0.0
CTR_012091,Train,0,91.80121641144177,0.0
CTR_012092,Train,0,91.80121641144177,0.0
CTR_012094,Train,0,91.80121641144177,0.0
CTR_012097,Train,0,91.80121641144177,0.0
CTR_012099,Train,0,91.80121641144177,0.0
CTR_012104,Train,0,91.80121641144177,0.0
CTR_012105,Train,0,91.80121641144177,0.0
CTR_012112,Train,0,91.80121641144177,0.0
CTR_012113,Test,0,91.80121641144177,0.0
CTR_012137,Train,0,91.80121641144177,0.0
CTR_012139,Test,0,91.80121641144177,0.0
CTR_012140,Train,0,91.80121641144177,0.0
CTR_012141,Train,0,91.80121641144177,0.0
CTR_012143,Train,0,91.80121641144177,0.0
CTR_012144,Train,0,91.80121641144177,0.0
CTR_012146,Train,0,91.80121641144177,0.0
CTR_012147,Train,0,91.80121641144177,0.0
CTR_012149,Test,0,91.80121641144177,0.0
CTR_012153,Train,0,91.80121641144177,0.0
CTR_012158,Train,0,91.80121641144177,0.0
CTR_012159,Test,0,91.80121641144177,0.0
CTR_012165,Test,0,91.80121641144177,0.0
CTR_012167,Train,0,91.80121641144177,0.0
CTR_012173,Train,0,91.80121641144177,0.0
CTR_012176,Train,0,91.80121641144177,0.0
CTR_012180,Train,0,91.80121641144177,0.0
CTR_012181,Train,0,91.80121641144177,0.0
CTR_012184,Train,0,91.80121641144177,0.0
CTR_012185,Train,0,91.80121641144177,0.0
CTR_012197,Train,0,91.80121641144177,0.0
CTR_012198,Train,0,91.80121641144177,0.0
CTR_012201,Train,0,91.80121641144177,0.0
CTR_012202,Train,0,91.80121641144177,0.0
CTR_012216,Train,0,91.80121641144177,0.0
CTR_012217,Train,0,91.80121641144177,0.0
CTR_012219,Train,0,91.80121641144177,0.0
CTR_012226,Test,0,91.80121641144177,0.0
CTR_012231,Train,0,91.80121641144177,0.0
CTR_012232,Train,0,91.80121641144177,0.0
CTR_012234,Train,0,91.80121641144177,0.0
CTR_012235,Train,0,91.80121641144177,0.0
CTR_012236,Train,0,91.80121641144177,0.0
CTR_012240,Train,0,91.80121641144177,0.0
CTR_012243,Test,0,91.80121641144177,0.0
CTR_012244,Test,0,91.80121641144177,0.0
CTR_012245,Train,0,91.80121641144177,0.0
CTR_012248,Train,0,91.80121641144177,0.0
CTR_012251,Train,0,91.80121641144177,0.0
CTR_012254,Test,0,91.80121641144177,0.0
CTR_012263,Train,0,91.80121641144177,0.0
CTR_012265,Train,0,91.80121641144177,0.0
CTR_012272,Train,0,91.80121641144177,0.0
CTR_012277,Train,0,91.80121641144177,0.0
CTR_012279,Train,0,91.80121641144177,0.0
CTR_012280,Train,0,91.80121641144177,0.0
CTR_012286,Train,0,91.80121641144177,0.0
CTR_012290,Train,0,91.80121641144177,0.0
CTR_012295,Train,0,91.80121641144177,0.0
CTR_012296,Train,0,91.80121641144177,0.0
CTR_012299,Test,0,91.80121641144177,0.0
CTR_012304,Train,0,91.80121641144177,0.0
CTR_012307,Train,0,91.80121641144177,0.0
CTR_012311,Train,0,91.80121641144177,0.0
CTR_012312,Test,0,91.80121641144177,0.0
CTR_012316,Train,0,91.80121641144177,0.0
CTR_012317,Train,0,91.80121641144177,0.0
CTR_012332,Train,0,91.80121641144177,0.0
CTR_012337,Test,0,91.80121641144177,0.0
CTR_012338,Test,0,91.80121641144177,0.0
CTR_012339,Test,0,91.80121641144177,0.0
CTR_012342,Test,0,91.80121641144177,0.0
CTR_012344,Train,0,91.80121641144177,0.0
CTR_012348,Train,0,91.80121641144177,0.0
CTR_012352,Train,0,91.80121641144177,0.0
CTR_012355,Train,0,91.80121641144177,0.0
CTR_012359,Train,0,91.80121641144177,0.0
CTR_012360,Test,0,91.80121641144177,0.0
CTR_012362,Train,0,91.80121641144177,0.0
CTR_012366,Test,0,91.80121641144177,0.0
CTR_012375,Train,0,91.80121641144177,0.0
CTR_012376,Test,0,91.80121641144177,0.0
CTR_012382,Train,0,91.80121641144177,0.0
CTR_012384,Train,0,91.80121641144177,0.0
CTR_012386,Train,0,91.80121641144177,0.0
CTR_012393,Test,0,91.80121641144177,0.0
CTR_012395,Train,0,91.80121641144177,0.0
CTR_012397,Train,0,91.80121641144177,0.0
CTR_012400,Test,0,91.80121641144177,0.0
CTR_012405,Test,0,91.80121641144177,0.0
CTR_012407,Train,0,91.80121641144177,0.0
CTR_012410,Train,0,91.80121641144177,0.0
CTR_012412,Train,0,91.80121641144177,0.0
CTR_012416,Train,0,91.80121641144177,0.0
CTR_012421,Train,0,91.80121641144177,0.0
CTR_012423,Train,0,91.80121641144177,0.0
CTR_012425,Train,0,91.80121641144177,0.0
CTR_012427,Test,0,91.80121641144177,0.0
CTR_012431,Test,0,91.80121641144177,0.0
CTR_012437,Train,0,91.80121641144177,0.0
CTR_012440,Train,0,91.80121641144177,0.0
CTR_012441,Train,0,91.80121641144177,0.0
CTR_012445,Train,0,91.80121641144177,0.0
CTR_012447,Train,0,91.80121641144177,0.0
CTR_012448,Test,0,91.80121641144177,0.0
CTR_012449,Train,0,91.80121641144177,0.0
CTR_012450,Train,0,91.80121641144177,0.0
CTR_012455,Train,0,91.80121641144177,0.0
CTR_012459,Train,0,91.80121641144177,0.0
CTR_012460,Train,0,91.80121641144177,0.0
CTR_012462,Test,0,91.80121641144177,0.0
CTR_012464,Train,0,91.80121641144177,0.0
CTR_012467,Train,0,91.80121641144177,0.0
CTR_012469,Train,0,91.80121641144177,0.0
CTR_012470,Train,0,91.80121641144177,0.0
CTR_012471,Test,0,91.80121641144177,0.0
CTR_012472,Train,0,91.80121641144177,0.0
CTR_012476,Train,0,91.80121641144177,0.0
CTR_012483,Train,0,91.80121641144177,0.0
CTR_012491,Train,0,91.80121641144177,0.0
CTR_012492,Train,0,91.80121641144177,0.0
CTR_012494,Train,0,91.80121641144177,0.0
CTR_012496,Test,0,91.80121641144177,0.0
CTR_012497,Train,0,91.80121641144177,0.0
CTR_012502,Train,0,91.80121641144177,0.0
CTR_012504,Train,0,91.80121641144177,0.0
CTR_012508,Train,0,91.80121641144177,0.0
CTR_012509,Test,0,91.80121641144177,0.0
CTR_012513,Train,0,91.80121641144177,0.0
CTR_012515,Train,0,91.80121641144177,0.0
CTR_012520,Test,0,91.80121641144177,0.0
CTR_012521,Train,0,91.80121641144177,0.0
CTR_012523,Train,0,91.80121641144177,0.0
CTR_012525,Train,0,91.80121641144177,0.0
CTR_012532,Test,0,91.80121641144177,0.0
CTR_012533,Train,0,91.80121641144177,0.0
CTR_012537,Train,0,91.80121641144177,0.0
CTR_012541,Train,0,91.80121641144177,0.0
CTR_012543,Train,0,91.80121641144177,0.0
CTR_012544,Train,0,91.80121641144177,0.0
CTR_012545,Train,0,91.80121641144177,0.0
CTR_012567,Train,0,91.80121641144177,0.0
CTR_012568,Train,0,91.80121641144177,0.0
CTR_012572,Train,0,91.80121641144177,0.0
CTR_012578,Train,0,91.80121641144177,0.0
CTR_012580,Train,0,91.80121641144177,0.0
CTR_012582,Train,1,91.80121641144177,2794.59
CTR_012585,Test,0,91.80121641144177,0.0
CTR_012589,Train,0,91.80121641144177,0.0
CTR_012590,Train,0,91.80121641144177,0.0
CTR_012599,Train,0,91.80121641144177,0.0
CTR_012600,Train,0,91.80121641144177,0.0
CTR_012602,Train,0,91.80121641144177,0.0
CTR_012603,Train,0,91.80121641144177,0.0
CTR_012604,Train,0,91.80121641144177,0.0
CTR_012605,Train,0,91.80121641144177,0.0
CTR_012614,Train,0,91.80121641144177,0.0
CTR_012615,Train,0,91.80121641144177,0.0
CTR_012617,Train,0,91.80121641144177,0.0
CTR_012620,Train,0,91.80121641144177,0.0
CTR_012624,Train,0,91.80121641144177,0.0
CTR_012628,Train,0,91.80121641144177,0.0
CTR_012629,Train,0,91.80121641144177,0.0
CTR_012631,Train,0,91.80121641144177,0.0
CTR_012637,Train,0,91.80121641144177,0.0
CTR_012639,Train,0,91.80121641144177,0.0
CTR_012641,Train,0,91.80121641144177,0.0
CTR_012643,Train,0,91.80121641144177,0.0
CTR_012654,Train,0,91.80121641144177,0.0
CTR_012657,Train,0,91.80121641144177,0.0
CTR_012658,Test,0,91.80121641144177,0.0
CTR_012660,Test,0,91.80121641144177,0.0
CTR_012661,Train,0,91.80121641144177,0.0
CTR_012662,Train,0,91.80121641144177,0.0
CTR_012663,Train,0,91.80121641144177,0.0
CTR_012664,Train,0,91.80121641144177,0.0
CTR_012667,Train,0,91.80121641144177,0.0
CTR_012668,Train,0,91.80121641144177,0.0
CTR_012671,Train,0,91.80121641144177,0.0
CTR_012675,Train,0,91.80121641144177,0.0
CTR_012676,Test,0,91.80121641144177,0.0
CTR_012677,Test,0,91.80121641144177,0.0
CTR_012678,Train,0,91.80121641144177,0.0
CTR_012680,Train,0,91.80121641144177,0.0
CTR_012683,Train,0,91.80121641144177,0.0
CTR_012685,Test,0,91.80121641144177,0.0
CTR_012691,Test,0,91.80121641144177,0.0
CTR_012695,Train,0,91.80121641144177,0.0
CTR_012696,Train,0,91.80121641144177,0.0
CTR_012698,Train,0,91.80121641144177,0.0
CTR_012700,Train,0,91.80121641144177,0.0
CTR_012702,Train,0,91.80121641144177,0.0
CTR_012704,Train,0,91.80121641144177,0.0
CTR_012706,Train,0,91.80121641144177,0.0
CTR_012710,Test,0,91.80121641144177,0.0
CTR_012711,Train,0,91.80121641144177,0.0
CTR_012712,Train,0,91.80121641144177,0.0
CTR_012714,Test,0,91.80121641144177,0.0
CTR_012723,Train,0,91.80121641144177,0.0
CTR_012724,Train,0,91.80121641144177,0.0
CTR_012726,Train,0,91.80121641144177,0.0
CTR_012729,Train,0,91.80121641144177,0.0
CTR_012733,Test,0,91.80121641144177,0.0
CTR_012736,Train,0,91.80121641144177,0.0
CTR_012737,Train,0,91.80121641144177,0.0
CTR_012741,Train,0,91.80121641144177,0.0
CTR_012743,Test,0,91.80121641144177,0.0
CTR_012748,Test,0,91.80121641144177,0.0
CTR_012750,Test,0,91.80121641144177,0.0
CTR_012754,Train,0,91.80121641144177,0.0
CTR_012755,Train,0,91.80121641144177,0.0
CTR_012757,Train,0,91.80121641144177,0.0
CTR_012759,Test,0,91.80121641144177,0.0
CTR_012760,Train,0,91.80121641144177,0.0
CTR_012762,Train,0,91.80121641144177,0.0
CTR_012763,Train,0,91.80121641144177,0.0
CTR_012765,Train,0,91.80121641144177,0.0
CTR_012769,Train,0,91.80121641144177,0.0
CTR_012778,Train,0,91.80121641144177,0.0
CTR_012780,Train,0,91.80121641144177,0.0
CTR_012781,Train,0,91.80121641144177,0.0
CTR_012783,Train,0,91.80121641144177,0.0
CTR_012789,Train,0,91.80121641144177,0.0
CTR_012791,Train,0,91.80121641144177,0.0
CTR_012793,Train,0,91.80121641144177,0.0
CTR_012796,Test,0,91.80121641144177,0.0
CTR_012797,Train,0,91.80121641144177,0.0
CTR_012813,Train,0,91.80121641144177,0.0
CTR_012817,Train,0,91.80121641144177,0.0
CTR_012819,Train,0,91.80121641144177,0.0
CTR_012820,Train,0,91.80121641144177,0.0
CTR_012822,Train,0,91.80121641144177,0.0
CTR_012825,Train,0,91.80121641144177,0.0
CTR_012828,Train,0,91.80121641144177,0.0
CTR_012830,Train,0,91.80121641144177,0.0
CTR_012832,Train,0,91.80121641144177,0.0
CTR_012834,Train,0,91.80121641144177,0.0
CTR_012835,Train,0,91.80121641144177,0.0
CTR_012837,Train,0,91.80121641144177,0.0
CTR_012842,Train,0,91.80121641144177,0.0
CTR_012845,Test,0,91.80121641144177,0.0
CTR_012849,Test,0,91.80121641144177,0.0
CTR_012852,Train,0,91.80121641144177,0.0
CTR_012855,Test,0,91.80121641144177,0.0
CTR_012863,Train,0,91.80121641144177,0.0
CTR_012873,Train,0,91.80121641144177,0.0
CTR_012880,Train,0,91.80121641144177,0.0
CTR_012882,Test,0,91.80121641144177,0.0
CTR_012890,Train,0,91.80121641144177,0.0
CTR_012893,Train,0,91.80121641144177,0.0
CTR_012894,Train,0,91.80121641144177,0.0
CTR_012895,Train,0,91.80121641144177,0.0
CTR_012899,Test,0,91.80121641144177,0.0
CTR_012900,Train,0,91.80121641144177,0.0
CTR_012902,Train,0,91.80121641144177,0.0
CTR_012906,Train,0,91.80121641144177,0.0
CTR_012908,Train,0,91.80121641144177,0.0
CTR_012918,Train,0,91.80121641144177,0.0
CTR_012923,Train,0,91.80121641144177,0.0
CTR_012930,Test,0,91.80121641144177,0.0
CTR_012935,Train,0,91.80121641144177,0.0
CTR_012950,Train,0,91.80121641144177,0.0
CTR_012953,Train,0,91.80121641144177,0.0
CTR_012955,Train,0,91.80121641144177,0.0
CTR_012956,Train,0,91.80121641144177,0.0
CTR_012958,Train,0,91.80121641144177,0.0
CTR_012964,Train,0,91.80121641144177,0.0
CTR_012965,Train,0,91.80121641144177,0.0
CTR_012968,Test,0,91.80121641144177,0.0
CTR_012973,Train,0,91.80121641144177,0.0
CTR_012974,Test,0,91.80121641144177,0.0
CTR_012975,Train,0,91.80121641144177,0.0
CTR_012978,Train,0,91.80121641144177,0.0
CTR_012982,Test,0,91.80121641144177,0.0
CTR_012983,Train,0,91.80121641144177,0.0
CTR_012985,Train,0,91.80121641144177,0.0
CTR_012993,Train,0,91.80121641144177,0.0
CTR_012995,Train,0,91.80121641144177,0.0
CTR_012996,Train,0,91.80121641144177,0.0
CTR_012999,Test,0,91.80121641144177,0.0
CTR_013001,Train,0,91.80121641144177,0.0
CTR_013002,Train,0,91.80121641144177,0.0
CTR_013005,Train,0,91.80121641144177,0.0
CTR_013016,Train,0,91.80121641144177,0.0
CTR_013018,Train,0,91.80121641144177,0.0
CTR_013019,Train,0,91.80121641144177,0.0
CTR_013026,Train,0,91.80121641144177,0.0
CTR_013046,Train,0,91.80121641144177,0.0
CTR_013048,Train,0,91.80121641144177,0.0
CTR_013049,Train,0,91.80121641144177,0.0
CTR_013051,Train,0,91.80121641144177,0.0
CTR_013055,Train,0,91.80121641144177,0.0
CTR_013057,Train,0,91.80121641144177,0.0
CTR_013058,Train,0,91.80121641144177,0.0
CTR_013059,Train,0,91.80121641144177,0.0
CTR_013061,Train,1,91.80121641144177,8979.43
CTR_013062,Train,0,91.80121641144177,0.0
CTR_013064,Train,0,91.80121641144177,0.0
CTR_013065,Test,0,91.80121641144177,0.0
CTR_013066,Train,0,91.80121641144177,0.0
CTR_013067,Train,0,91.80121641144177,0.0
CTR_013069,Test,0,91.80121641144177,0.0
CTR_013078,Test,0,91.80121641144177,0.0
CTR_013079,Train,0,91.80121641144177,0.0
CTR_013080,Test,0,91.80121641144177,0.0
CTR_013083,Train,0,91.80121641144177,0.0
CTR_013084,Test,0,91.80121641144177,0.0
CTR_013087,Test,0,91.80121641144177,0.0
CTR_013097,Train,0,91.80121641144177,0.0
CTR_013102,Train,0,91.80121641144177,0.0
CTR_013107,Train,0,91.80121641144177,0.0
CTR_013109,Train,0,91.80121641144177,0.0
CTR_013125,Test,0,91.80121641144177,0.0
CTR_013128,Train,0,91.80121641144177,0.0
CTR_013129,Train,0,91.80121641144177,0.0
CTR_013130,Train,0,91.80121641144177,0.0
CTR_013135,Train,0,91.80121641144177,0.0
CTR_013136,Test,0,91.80121641144177,0.0
CTR_013139,Train,0,91.80121641144177,0.0
CTR_013140,Train,0,91.80121641144177,0.0
CTR_013144,Train,0,91.80121641144177,0.0
CTR_013145,Train,0,91.80121641144177,0.0
CTR_013149,Test,0,91.80121641144177,0.0
CTR_013150,Train,0,91.80121641144177,0.0
CTR_013151,Test,0,91.80121641144177,0.0
CTR_013161,Train,0,91.80121641144177,0.0
CTR_013162,Test,0,91.80121641144177,0.0
CTR_013164,Train,0,91.80121641144177,0.0
CTR_013165,Train,0,91.80121641144177,0.0
CTR_013169,Train,0,91.80121641144177,0.0
CTR_013173,Train,0,91.80121641144177,0.0
CTR_013175,Train,0,91.80121641144177,0.0
CTR_013177,Train,0,91.80121641144177,0.0
CTR_013179,Train,0,91.80121641144177,0.0
CTR_013180,Train,0,91.80121641144177,0.0
CTR_013184,Test,0,91.80121641144177,0.0
CTR_013186,Test,0,91.80121641144177,0.0
CTR_013187,Test,0,91.80121641144177,0.0
CTR_013193,Train,0,91.80121641144177,0.0
CTR_013198,Train,0,91.80121641144177,0.0
CTR_013202,Train,0,91.80121641144177,0.0
CTR_013203,Train,0,91.80121641144177,0.0
CTR_013208,Test,0,91.80121641144177,0.0
CTR_013210,Train,0,91.80121641144177,0.0
CTR_013211,Train,0,91.80121641144177,0.0
CTR_013220,Train,0,91.80121641144177,0.0
CTR_013223,Train,0,91.80121641144177,0.0
CTR_013227,Train,0,91.80121641144177,0.0
CTR_013228,Train,0,91.80121641144177,0.0
CTR_013229,Test,0,91.80121641144177,0.0
CTR_013232,Train,0,91.80121641144177,0.0
CTR_013234,Train,0,91.80121641144177,0.0
CTR_013235,Train,0,91.80121641144177,0.0
CTR_013237,Train,0,91.80121641144177,0.0
CTR_013239,Test,0,91.80121641144177,0.0
CTR_013241,Train,0,91.80121641144177,0.0
CTR_013243,Train,0,91.80121641144177,0.0
CTR_013244,Train,0,91.80121641144177,0.0
CTR_013248,Train,0,91.80121641144177,0.0
CTR_013251,Train,0,91.80121641144177,0.0
CTR_013262,Train,0,91.80121641144177,0.0
CTR_013270,Train,0,91.80121641144177,0.0
CTR_013271,Test,0,91.80121641144177,0.0
CTR_013283,Train,0,91.80121641144177,0.0
CTR_013284,Train,0,91.80121641144177,0.0
CTR_013286,Train,0,91.80121641144177,0.0
CTR_013288,Train,0,91.80121641144177,0.0
CTR_013291,Test,0,91.80121641144177,0.0
CTR_013293,Train,0,91.80121641144177,0.0
CTR_013296,Test,0,91.80121641144177,0.0
CTR_013304,Test,0,91.80121641144177,0.0
CTR_013305,Test,1,91.80121641144177,14159.6
CTR_013309,Train,0,91.80121641144177,0.0
CTR_013311,Train,0,91.80121641144177,0.0
CTR_013313,Train,1,91.80121641144177,1666.68
CTR_013320,Train,0,91.80121641144177,0.0
CTR_013324,Test,0,91.80121641144177,0.0
CTR_013330,Train,0,91.80121641144177,0.0
CTR_013332,Train,0,91.80121641144177,0.0
CTR_013333,Train,0,91.80121641144177,0.0
CTR_013334,Train,0,91.80121641144177,0.0
CTR_013336,Train,0,91.80121641144177,0.0
CTR_013339,Train,0,91.80121641144177,0.0
CTR_013341,Train,0,91.80121641144177,0.0
CTR_013343,Train,0,91.80121641144177,0.0
CTR_013344,Train,0,91.80121641144177,0.0
CTR_013345,Train,0,91.80121641144177,0.0
CTR_013347,Train,0,91.80121641144177,0.0
CTR_013348,Train,0,91.80121641144177,0.0
CTR_013350,Train,0,91.80121641144177,0.0
CTR_013352,Train,0,91.80121641144177,0.0
CTR_013354,Test,0,91.80121641144177,0.0
CTR_013361,Test,0,91.80121641144177,0.0
CTR_013362,Train,0,91.80121641144177,0.0
CTR_013364,Train,0,91.80121641144177,0.0
CTR_013365,Train,0,91.80121641144177,0.0
CTR_013369,Train,0,91.80121641144177,0.0
CTR_013371,Test,0,91.80121641144177,0.0
CTR_013373,Train,0,91.80121641144177,0.0
CTR_013374,Test,0,91.80121641144177,0.0
CTR_013375,Test,0,91.80121641144177,0.0
CTR_013378,Train,0,91.80121641144177,0.0
CTR_013381,Train,0,91.80121641144177,0.0
CTR_013383,Test,0,91.80121641144177,0.0
CTR_013388,Train,0,91.80121641144177,0.0
CTR_013389,Test,0,91.80121641144177,0.0
CTR_013390,Train,0,91.80121641144177,0.0
CTR_013391,Train,0,91.80121641144177,0.0
CTR_013400,Train,0,91.80121641144177,0.0
CTR_013404,Train,0,91.80121641144177,0.0
CTR_013405,Train,0,91.80121641144177,0.0
CTR_013407,Train,0,91.80121641144177,0.0
CTR_013409,Train,0,91.80121641144177,0.0
CTR_013411,Test,0,91.80121641144177,0.0
CTR_013412,Train,0,91.80121641144177,0.0
CTR_013416,Test,0,91.80121641144177,0.0
CTR_013433,Train,0,91.80121641144177,0.0
CTR_013434,Train,0,91.80121641144177,0.0
CTR_013438,Train,0,91.80121641144177,0.0
CTR_013441,Test,0,91.80121641144177,0.0
CTR_013442,Train,0,91.80121641144177,0.0
CTR_013448,Train,0,91.80121641144177,0.0
CTR_013449,Train,0,91.80121641144177,0.0
CTR_013452,Train,0,91.80121641144177,0.0
CTR_013455,Train,0,91.80121641144177,0.0
CTR_013460,Test,0,91.80121641144177,0.0
CTR_013465,Test,0,91.80121641144177,0.0
CTR_013466,Test,0,91.80121641144177,0.0
CTR_013472,Test,0,91.80121641144177,0.0
CTR_013473,Train,0,91.80121641144177,0.0
CTR_013474,Train,0,91.80121641144177,0.0
CTR_013475,Train,0,91.80121641144177,0.0
CTR_013481,Train,0,91.80121641144177,0.0
CTR_013483,Test,0,91.80121641144177,0.0
CTR_013484,Train,0,91.80121641144177,0.0
CTR_013486,Train,0,91.80121641144177,0.0
CTR_013499,Train,0,91.80121641144177,0.0
CTR_013506,Train,0,91.80121641144177,0.0
CTR_013508,Train,0,91.80121641144177,0.0
CTR_013511,Train,0,91.80121641144177,0.0
CTR_013512,Train,0,91.80121641144177,0.0
CTR_013519,Train,0,91.80121641144177,0.0
CTR_013523,Train,0,91.80121641144177,0.0
CTR_013525,Train,0,91.80121641144177,0.0
CTR_013526,Train,0,91.80121641144177,0.0
CTR_013527,Train,0,91.80121641144177,0.0
CTR_013541,Train,0,91.80121641144177,0.0
CTR_013543,Train,0,91.80121641144177,0.0
CTR_013544,Train,0,91.80121641144177,0.0
CTR_013549,Train,0,91.80121641144177,0.0
CTR_013558,Train,0,91.80121641144177,0.0
CTR_013560,Train,0,91.80121641144177,0.0
CTR_013561,Train,0,91.80121641144177,0.0
CTR_013565,Train,0,91.80121641144177,0.0
CTR_013567,Train,0,91.80121641144177,0.0
CTR_013572,Train,0,91.80121641144177,0.0
CTR_013584,Train,0,91.80121641144177,0.0
CTR_013587,Test,0,91.80121641144177,0.0
CTR_013589,Train,0,91.80121641144177,0.0
CTR_013590,Test,0,91.80121641144177,0.0
CTR_013591,Train,0,91.80121641144177,0.0
CTR_013592,Train,0,91.80121641144177,0.0
CTR_013599,Train,0,91.80121641144177,0.0
CTR_013601,Train,0,91.80121641144177,0.0
CTR_013602,Test,0,91.80121641144177,0.0
CTR_013603,Train,0,91.80121641144177,0.0
CTR_013607,Train,0,91.80121641144177,0.0
CTR_013611,Train,0,91.80121641144177,0.0
CTR_013615,Test,0,91.80121641144177,0.0
CTR_013619,Test,0,91.80121641144177,0.0
CTR_013620,Train,0,91.80121641144177,0.0
CTR_013625,Test,0,91.80121641144177,0.0
CTR_013628,Train,0,91.80121641144177,0.0
CTR_013633,Train,0,91.80121641144177,0.0
CTR_013636,Train,0,91.80121641144177,0.0
CTR_013638,Test,0,91.80121641144177,0.0
CTR_013639,Train,0,91.80121641144177,0.0
CTR_013641,Train,0,91.80121641144177,0.0
CTR_013642,Train,0,91.80121641144177,0.0
CTR_013644,Test,0,91.80121641144177,0.0
CTR_013647,Train,0,91.80121641144177,0.0
CTR_013651,Train,0,91.80121641144177,0.0
CTR_013657,Train,0,91.80121641144177,0.0
CTR_013661,Train,0,91.80121641144177,0.0
CTR_013663,Train,0,91.80121641144177,0.0
CTR_013665,Train,0,91.80121641144177,0.0
CTR_013670,Train,0,91.80121641144177,0.0
CTR_013671,Train,0,91.80121641144177,0.0
CTR_013674,Train,0,91.80121641144177,0.0
CTR_013676,Train,0,91.80121641144177,0.0
CTR_013679,Train,0,91.80121641144177,0.0
CTR_013686,Test,0,91.80121641144177,0.0
CTR_013693,Train,0,91.80121641144177,0.0
CTR_013696,Train,0,91.80121641144177,0.0
CTR_013699,Train,0,91.80121641144177,0.0
CTR_013700,Train,0,91.80121641144177,0.0
CTR_013712,Test,0,91.80121641144177,0.0
CTR_013726,Train,0,91.80121641144177,0.0
CTR_013729,Train,0,91.80121641144177,0.0
CTR_013730,Train,0,91.80121641144177,0.0
CTR_013732,Train,0,91.80121641144177,0.0
CTR_013733,Train,0,91.80121641144177,0.0
CTR_013743,Train,0,91.80121641144177,0.0
CTR_013748,Train,0,91.80121641144177,0.0
CTR_013750,Train,0,91.80121641144177,0.0
CTR_013755,Train,0,91.80121641144177,0.0
CTR_013756,Train,0,91.80121641144177,0.0
CTR_013758,Train,0,91.80121641144177,0.0
CTR_013760,Train,0,91.80121641144177,0.0
CTR_013761,Train,0,91.80121641144177,0.0
CTR_013765,Train,0,91.80121641144177,0.0
CTR_013767,Train,0,91.80121641144177,0.0
CTR_013768,Test,0,91.80121641144177,0.0
CTR_013771,Train,0,91.80121641144177,0.0
CTR_013772,Train,0,91.80121641144177,0.0
CTR_013774,Train,0,91.80121641144177,0.0
CTR_013776,Train,0,91.80121641144177,0.0
CTR_013780,Train,0,91.80121641144177,0.0
CTR_013782,Test,0,91.80121641144177,0.0
CTR_013784,Train,0,91.80121641144177,0.0
CTR_013787,Train,0,91.80121641144177,0.0
CTR_013788,Train,0,91.80121641144177,0.0
CTR_013789,Train,0,91.80121641144177,0.0
CTR_013791,Train,0,91.80121641144177,0.0
CTR_013793,Train,0,91.80121641144177,0.0
CTR_013796,Train,0,91.80121641144177,0.0
CTR_013799,Train,0,91.80121641144177,0.0
CTR_013803,Train,0,91.80121641144177,0.0
CTR_013804,Test,0,91.80121641144177,0.0
CTR_013805,Test,0,91.80121641144177,0.0
CTR_013810,Train,0,91.80121641144177,0.0
CTR_013813,Train,0,91.80121641144177,0.0
CTR_013814,Train,0,91.80121641144177,0.0
CTR_013815,Train,0,91.80121641144177,0.0
CTR_013820,Train,0,91.80121641144177,0.0
CTR_013825,Train,0,91.80121641144177,0.0
CTR_013829,Test,0,91.80121641144177,0.0
CTR_013833,Train,0,91.80121641144177,0.0
CTR_013836,Train,0,91.80121641144177,0.0
CTR_013838,Train,0,91.80121641144177,0.0
CTR_013840,Train,0,91.80121641144177,0.0
CTR_013844,Train,0,91.80121641144177,0.0
CTR_013847,Train,0,91.80121641144177,0.0
CTR_013848,Train,0,91.80121641144177,0.0
CTR_013851,Test,0,91.80121641144177,0.0
CTR_013860,Train,0,91.80121641144177,0.0
CTR_013861,Train,0,91.80121641144177,0.0
CTR_013863,Train,0,91.80121641144177,0.0
CTR_013864,Train,0,91.80121641144177,0.0
CTR_013865,Train,0,91.80121641144177,0.0
CTR_013872,Train,0,91.80121641144177,0.0
CTR_013873,Test,0,91.80121641144177,0.0
CTR_013875,Train,0,91.80121641144177,0.0
CTR_013876,Train,0,91.80121641144177,0.0
CTR_013880,Train,0,91.80121641144177,0.0
CTR_013882,Train,0,91.80121641144177,0.0
CTR_013889,Test,0,91.80121641144177,0.0
CTR_013895,Train,0,91.80121641144177,0.0
CTR_013896,Train,0,91.80121641144177,0.0
CTR_013897,Train,0,91.80121641144177,0.0
CTR_013898,Train,0,91.80121641144177,0.0
CTR_013904,Train,0,91.80121641144177,0.0
CTR_013908,Train,1,91.80121641144177,1481.63
CTR_013911,Test,0,91.80121641144177,0.0
CTR_013917,Test,0,91.80121641144177,0.0
CTR_013924,Train,0,91.80121641144177,0.0
CTR_013927,Train,0,91.80121641144177,0.0
CTR_013930,Train,0,91.80121641144177,0.0
CTR_013931,Train,0,91.80121641144177,0.0
CTR_013932,Train,0,91.80121641144177,0.0
CTR_013933,Train,0,91.80121641144177,0.0
CTR_013934,Train,0,91.80121641144177,0.0
CTR_013936,Test,0,91.80121641144177,0.0
CTR_013938,Train,0,91.80121641144177,0.0
CTR_013953,Train,1,91.80121641144177,2102.55
CTR_013955,Test,0,91.80121641144177,0.0
CTR_013956,Train,0,91.80121641144177,0.0
CTR_013958,Train,0,91.80121641144177,0.0
CTR_013962,Train,0,91.80121641144177,0.0
CTR_013965,Train,0,91.80121641144177,0.0
CTR_013974,Train,0,91.80121641144177,0.0
CTR_013983,Train,0,91.80121641144177,0.0
CTR_013989,Train,0,91.80121641144177,0.0
CTR_013991,Train,0,91.80121641144177,0.0
CTR_013993,Train,0,91.80121641144177,0.0
CTR_013994,Train,0,91.80121641144177,0.0
CTR_013995,Train,0,91.80121641144177,0.0
CTR_014001,Train,0,91.80121641144177,0.0
CTR_014003,Train,0,91.80121641144177,0.0
CTR_014005,Train,0,91.80121641144177,0.0
CTR_014008,Train,0,91.80121641144177,0.0
CTR_014014,Test,0,91.80121641144177,0.0
CTR_014026,Train,0,91.80121641144177,0.0
CTR_014030,Train,0,91.80121641144177,0.0
CTR_014031,Train,0,91.80121641144177,0.0
CTR_014035,Train,0,91.80121641144177,0.0
CTR_014037,Train,0,91.80121641144177,0.0
CTR_014038,Train,0,91.80121641144177,0.0
CTR_014042,Test,0,91.80121641144177,0.0
CTR_014043,Test,0,91.80121641144177,0.0
CTR_014046,Test,0,91.80121641144177,0.0
CTR_014047,Train,0,91.80121641144177,0.0
CTR_014049,Train,0,91.80121641144177,0.0
CTR_014056,Train,0,91.80121641144177,0.0
CTR_014070,Train,0,91.80121641144177,0.0
CTR_014071,Test,0,91.80121641144177,0.0
CTR_014073,Train,0,91.80121641144177,0.0
CTR_014083,Train,0,91.80121641144177,0.0
CTR_014088,Train,0,91.80121641144177,0.0
CTR_014089,Train,0,91.80121641144177,0.0
CTR_014096,Train,0,91.80121641144177,0.0
CTR_014099,Train,0,91.80121641144177,0.0
CTR_014102,Train,0,91.80121641144177,0.0
CTR_014108,Train,0,91.80121641144177,0.0
CTR_014112,Train,0,91.80121641144177,0.0
CTR_014113,Train,0,91.80121641144177,0.0
CTR_014114,Train,0,91.80121641144177,0.0
CTR_014115,Test,0,91.80121641144177,0.0
CTR_014119,Train,0,91.80121641144177,0.0
CTR_014122,Train,0,91.80121641144177,0.0
CTR_014128,Train,0,91.80121641144177,0.0
CTR_014130,Test,0,91.80121641144177,0.0
CTR_014140,Train,0,91.80121641144177,0.0
CTR_014142,Test,0,91.80121641144177,0.0
CTR_014143,Train,0,91.80121641144177,0.0
CTR_014144,Train,0,91.80121641144177,0.0
CTR_014146,Train,0,91.80121641144177,0.0
CTR_014148,Train,0,91.80121641144177,0.0
CTR_014152,Train,0,91.80121641144177,0.0
CTR_014153,Train,0,91.80121641144177,0.0
CTR_014156,Train,0,91.80121641144177,0.0
CTR_014157,Test,0,91.80121641144177,0.0
CTR_014160,Test,0,91.80121641144177,0.0
CTR_014170,Test,0,91.80121641144177,0.0
CTR_014171,Train,0,91.80121641144177,0.0
CTR_014172,Train,0,91.80121641144177,0.0
CTR_014176,Train,0,91.80121641144177,0.0
CTR_014178,Train,0,91.80121641144177,0.0
CTR_014180,Test,0,91.80121641144177,0.0
CTR_014182,Train,0,91.80121641144177,0.0
CTR_014183,Train,0,91.80121641144177,0.0
CTR_014184,Train,0,91.80121641144177,0.0
CTR_014186,Train,0,91.80121641144177,0.0
CTR_014195,Train,1,91.80121641144177,14180.32
CTR_014198,Train,0,91.80121641144177,0.0
CTR_014201,Test,0,91.80121641144177,0.0
CTR_014202,Train,0,91.80121641144177,0.0
CTR_014203,Train,0,91.80121641144177,0.0
CTR_014204,Train,0,91.80121641144177,0.0
CTR_014210,Train,0,91.80121641144177,0.0
CTR_014212,Train,0,91.80121641144177,0.0
CTR_014215,Train,0,91.80121641144177,0.0
CTR_014216,Train,0,91.80121641144177,0.0
CTR_014217,Train,0,91.80121641144177,0.0
CTR_014222,Train,0,91.80121641144177,0.0
CTR_014225,Test,0,91.80121641144177,0.0
CTR_014227,Train,1,91.80121641144177,5263.28
CTR_014229,Train,0,91.80121641144177,0.0
CTR_014230,Train,0,91.80121641144177,0.0
CTR_014233,Train,0,91.80121641144177,0.0
CTR_014234,Train,0,91.80121641144177,0.0
CTR_014239,Test,0,91.80121641144177,0.0
CTR_014240,Train,0,91.80121641144177,0.0
CTR_014241,Train,0,91.80121641144177,0.0
CTR_014242,Train,0,91.80121641144177,0.0
CTR_014246,Train,0,91.80121641144177,0.0
CTR_014247,Train,0,91.80121641144177,0.0
CTR_014249,Train,0,91.80121641144177,0.0
CTR_014264,Train,0,91.80121641144177,0.0
CTR_014269,Train,0,91.80121641144177,0.0
CTR_014274,Train,0,91.80121641144177,0.0
CTR_014281,Train,0,91.80121641144177,0.0
CTR_014283,Train,0,91.80121641144177,0.0
CTR_014285,Train,0,91.80121641144177,0.0
CTR_014287,Train,0,91.80121641144177,0.0
CTR_014290,Train,0,91.80121641144177,0.0
CTR_014295,Train,0,91.80121641144177,0.0
CTR_014296,Test,0,91.80121641144177,0.0
CTR_014299,Train,0,91.80121641144177,0.0
CTR_014301,Test,1,91.80121641144177,560.15
CTR_014302,Train,0,91.80121641144177,0.0
CTR_014308,Train,0,91.80121641144177,0.0
CTR_014309,Test,0,91.80121641144177,0.0
CTR_014310,Train,0,91.80121641144177,0.0
CTR_014311,Train,0,91.80121641144177,0.0
CTR_014314,Test,0,91.80121641144177,0.0
CTR_014316,Train,0,91.80121641144177,0.0
CTR_014319,Train,0,91.80121641144177,0.0
CTR_014323,Train,0,91.80121641144177,0.0
CTR_014332,Train,0,91.80121641144177,0.0
CTR_014333,Train,0,91.80121641144177,0.0
CTR_014335,Train,0,91.80121641144177,0.0
CTR_014339,Test,0,91.80121641144177,0.0
CTR_014341,Test,0,91.80121641144177,0.0
CTR_014344,Train,0,91.80121641144177,0.0
CTR_014346,Train,0,91.80121641144177,0.0
CTR_014349,Train,0,91.80121641144177,0.0
CTR_014358,Train,0,91.80121641144177,0.0
CTR_014364,Train,0,91.80121641144177,0.0
CTR_014368,Test,0,91.80121641144177,0.0
CTR_014371,Train,0,91.80121641144177,0.0
CTR_014372,Test,0,91.80121641144177,0.0
CTR_014386,Train,0,91.80121641144177,0.0
CTR_014387,Train,0,91.80121641144177,0.0
CTR_014390,Test,0,91.80121641144177,0.0
CTR_014391,Train,0,91.80121641144177,0.0
CTR_014395,Train,0,91.80121641144177,0.0
CTR_014398,Test,0,91.80121641144177,0.0
CTR_014409,Train,0,91.80121641144177,0.0
CTR_014412,Train,0,91.80121641144177,0.0
CTR_014415,Test,0,91.80121641144177,0.0
CTR_014418,Train,0,91.80121641144177,0.0
CTR_014419,Train,0,91.80121641144177,0.0
CTR_014420,Train,0,91.80121641144177,0.0
CTR_014422,Train,0,91.80121641144177,0.0
CTR_014424,Train,0,91.80121641144177,0.0
CTR_014426,Train,0,91.80121641144177,0.0
CTR_014429,Train,0,91.80121641144177,0.0
CTR_014432,Train,0,91.80121641144177,0.0
CTR_014433,Train,0,91.80121641144177,0.0
CTR_014438,Train,0,91.80121641144177,0.0
CTR_014443,Train,0,91.80121641144177,0.0
CTR_014449,Train,0,91.80121641144177,0.0
CTR_014453,Test,0,91.80121641144177,0.0
CTR_014456,Train,0,91.80121641144177,0.0
CTR_014457,Train,0,91.80121641144177,0.0
CTR_014459,Train,0,91.80121641144177,0.0
CTR_014461,Train,0,91.80121641144177,0.0
CTR_014467,Train,0,91.80121641144177,0.0
CTR_014469,Train,0,91.80121641144177,0.0
CTR_014483,Test,0,91.80121641144177,0.0
CTR_014484,Train,0,91.80121641144177,0.0
CTR_014486,Train,0,91.80121641144177,0.0
CTR_014487,Train,0,91.80121641144177,0.0
CTR_014491,Test,0,91.80121641144177,0.0
CTR_014493,Train,0,91.80121641144177,0.0
CTR_014495,Train,0,91.80121641144177,0.0
CTR_014500,Test,0,91.80121641144177,0.0
CTR_014501,Test,0,91.80121641144177,0.0
CTR_014503,Train,0,91.80121641144177,0.0
CTR_014511,Test,0,91.80121641144177,0.0
CTR_014517,Train,0,91.80121641144177,0.0
CTR_014519,Train,0,91.80121641144177,0.0
CTR_014522,Train,0,91.80121641144177,0.0
CTR_014527,Train,0,91.80121641144177,0.0
CTR_014530,Train,0,91.80121641144177,0.0
CTR_014535,Train,0,91.80121641144177,0.0
CTR_014538,Train,0,91.80121641144177,0.0
CTR_014543,Train,0,91.80121641144177,0.0
CTR_014548,Train,0,91.80121641144177,0.0
CTR_014551,Test,0,91.80121641144177,0.0
CTR_014556,Train,0,91.80121641144177,0.0
CTR_014557,Train,0,91.80121641144177,0.0
CTR_014559,Train,0,91.80121641144177,0.0
CTR_014560,Train,0,91.80121641144177,0.0
CTR_014563,Test,0,91.80121641144177,0.0
CTR_014565,Test,0,91.80121641144177,0.0
CTR_014570,Train,0,91.80121641144177,0.0
CTR_014576,Train,0,91.80121641144177,0.0
CTR_014577,Test,0,91.80121641144177,0.0
CTR_014580,Train,0,91.80121641144177,0.0
CTR_014583,Train,0,91.80121641144177,0.0
CTR_014585,Train,0,91.80121641144177,0.0
CTR_014587,Train,0,91.80121641144177,0.0
CTR_014588,Train,0,91.80121641144177,0.0
CTR_014610,Test,0,91.80121641144177,0.0
CTR_014611,Train,0,91.80121641144177,0.0
CTR_014616,Train,0,91.80121641144177,0.0
CTR_014621,Train,0,91.80121641144177,0.0
CTR_014622,Train,0,91.80121641144177,0.0
CTR_014625,Train,0,91.80121641144177,0.0
CTR_014626,Test,0,91.80121641144177,0.0
CTR_014629,Train,1,91.80121641144177,416.05
CTR_014635,Train,0,91.80121641144177,0.0
CTR_014638,Train,0,91.80121641144177,0.0
CTR_014641,Train,0,91.80121641144177,0.0
CTR_014642,Test,0,91.80121641144177,0.0
CTR_014643,Train,0,91.80121641144177,0.0
CTR_014647,Train,0,91.80121641144177,0.0
CTR_014651,Train,0,91.80121641144177,0.0
CTR_014655,Test,0,91.80121641144177,0.0
CTR_014657,Train,0,91.80121641144177,0.0
CTR_014662,Train,0,91.80121641144177,0.0
CTR_014664,Train,0,91.80121641144177,0.0
CTR_014666,Train,0,91.80121641144177,0.0
CTR_014671,Train,0,91.80121641144177,0.0
CTR_014675,Train,0,91.80121641144177,0.0
CTR_014676,Train,0,91.80121641144177,0.0
CTR_014677,Train,0,91.80121641144177,0.0
CTR_014680,Test,0,91.80121641144177,0.0
CTR_014681,Train,0,91.80121641144177,0.0
CTR_014682,Train,0,91.80121641144177,0.0
CTR_014686,Train,0,91.80121641144177,0.0
CTR_014687,Train,0,91.80121641144177,0.0
CTR_014692,Train,0,91.80121641144177,0.0
CTR_014694,Test,0,91.80121641144177,0.0
CTR_014699,Train,0,91.80121641144177,0.0
CTR_014700,Train,0,91.80121641144177,0.0
CTR_014706,Train,0,91.80121641144177,0.0
CTR_014709,Train,0,91.80121641144177,0.0
CTR_014713,Train,0,91.80121641144177,0.0
CTR_014714,Train,0,91.80121641144177,0.0
CTR_014717,Train,0,91.80121641144177,0.0
CTR_014722,Train,0,91.80121641144177,0.0
CTR_014725,Test,1,91.80121641144177,8261.2
CTR_014728,Train,0,91.80121641144177,0.0
CTR_014730,Test,0,91.80121641144177,0.0
CTR_014731,Train,0,91.80121641144177,0.0
CTR_014737,Test,0,91.80121641144177,0.0
CTR_014738,Test,0,91.80121641144177,0.0
CTR_014741,Train,0,91.80121641144177,0.0
CTR_014742,Train,0,91.80121641144177,0.0
CTR_014757,Train,0,91.80121641144177,0.0
CTR_014759,Train,0,91.80121641144177,0.0
CTR_014762,Test,0,91.80121641144177,0.0
CTR_014763,Train,0,91.80121641144177,0.0
CTR_014768,Test,0,91.80121641144177,0.0
CTR_014770,Train,0,91.80121641144177,0.0
CTR_014780,Test,0,91.80121641144177,0.0
CTR_014781,Train,0,91.80121641144177,0.0
CTR_014782,Train,0,91.80121641144177,0.0
CTR_014791,Train,0,91.80121641144177,0.0
CTR_014792,Train,0,91.80121641144177,0.0
CTR_014801,Train,0,91.80121641144177,0.0
CTR_014806,Test,0,91.80121641144177,0.0
CTR_014807,Test,0,91.80121641144177,0.0
CTR_014809,Train,0,91.80121641144177,0.0
CTR_014816,Train,0,91.80121641144177,0.0
CTR_014817,Test,0,91.80121641144177,0.0
CTR_014818,Train,0,91.80121641144177,0.0
CTR_014819,Train,0,91.80121641144177,0.0
CTR_014827,Test,0,91.80121641144177,0.0
CTR_014828,Train,0,91.80121641144177,0.0
CTR_014829,Train,0,91.80121641144177,0.0
CTR_014831,Train,0,91.80121641144177,0.0
CTR_014832,Train,0,91.80121641144177,0.0
CTR_014833,Train,0,91.80121641144177,0.0
CTR_014834,Train,0,91.80121641144177,0.0
CTR_014837,Train,0,91.80121641144177,0.0
CTR_014845,Train,0,91.80121641144177,0.0
CTR_014846,Train,0,91.80121641144177,0.0
CTR_014850,Train,0,91.80121641144177,0.0
CTR_014852,Train,0,91.80121641144177,0.0
CTR_014860,Train,0,91.80121641144177,0.0
CTR_014865,Train,0,91.80121641144177,0.0
CTR_014866,Train,0,91.80121641144177,0.0
CTR_014867,Train,0,91.80121641144177,0.0
CTR_014870,Train,0,91.80121641144177,0.0
CTR_014871,Train,0,91.80121641144177,0.0
CTR_014882,Train,0,91.80121641144177,0.0
CTR_014892,Test,0,91.80121641144177,0.0
CTR_014897,Train,0,91.80121641144177,0.0
CTR_014905,Train,0,91.80121641144177,0.0
CTR_014918,Train,0,91.80121641144177,0.0
CTR_014926,Train,0,91.80121641144177,0.0
CTR_014928,Train,0,91.80121641144177,0.0
CTR_014930,Train,0,91.80121641144177,0.0
CTR_014935,Train,0,91.80121641144177,0.0
CTR_014942,Train,0,91.80121641144177,0.0
CTR_014946,Train,1,91.80121641144177,2654.62
CTR_014947,Test,0,91.80121641144177,0.0
CTR_014952,Train,0,91.80121641144177,0.0
CTR_014953,Test,0,91.80121641144177,0.0
CTR_014954,Train,0,91.80121641144177,0.0
CTR_014957,Train,0,91.80121641144177,0.0
CTR_014959,Train,0,91.80121641144177,0.0
CTR_014961,Train,0,91.80121641144177,0.0
CTR_014962,Train,0,91.80121641144177,0.0
CTR_014964,Test,0,91.80121641144177,0.0
CTR_014965,Test,0,91.80121641144177,0.0
CTR_014967,Test,0,91.80121641144177,0.0
CTR_014973,Train,0,91.80121641144177,0.0
CTR_014975,Train,0,91.80121641144177,0.0
CTR_014982,Test,0,91.80121641144177,0.0
CTR_014986,Train,0,91.80121641144177,0.0
CTR_014988,Train,1,91.80121641144177,14938.88
